,Date,New_deaths,joy,love,sadness,surprise,fear,anger,sentiment_label,Average rating,disease-related,NumberOfPost,illness_light illness,illness_no illness,illness_severe illness
0,2020-03-12,0,0.26865909208676647,0.003342750143409408,0.11672484182677825,0.0030801209276042642,0.4921522813019692,0.1160409301976739,0.25,0.43817334538325664,0.34113647857142865,4,0.10714285714285714,0.336734693877551,0.576530612244898
1,2020-03-13,1,0.39877609961799215,0.0034472057117714383,0.1172977639895786,0.002890042655053493,0.35977391382766655,0.11781498661314663,0.34523809523809523,0.4988240004605835,0.3312695114285714,3,0.03571428571428571,0.40816326530612246,0.5714285714285714
2,2020-03-14,1,0.33485257239746197,0.0026854531461139738,0.2140667626635626,0.002499376650250993,0.3445423023544468,0.10135353653874643,0.20238095238095236,0.47491205531128106,0.36940306142857143,2,0.10714285714285714,0.3163265306122449,0.6479591836734694
3,2020-03-16,0,0.4153707478461521,0.0028937651402970717,0.22778789369580665,0.002508199694039736,0.24266533548853614,0.10877405923175887,0.25,0.4884360484279958,0.38697355714285714,6,0.17857142857142858,0.375,0.5637755102040816
4,2020-03-17,1,0.43188570447875624,0.003327299308787194,0.21318016671139237,0.0025004926523086034,0.26471981155718816,0.08438653530724985,0.27214502822405556,0.5107053775690626,0.36398012,329,0.21159619714786088,0.44553951177668966,0.46300797026341184
5,2020-03-18,0,0.4858194186994792,0.004437354183958121,0.22519551859949535,0.003065752544377082,0.1878063023148451,0.09367565063422371,0.2886387765613793,0.5254799772679524,0.3739446714285714,537,0.23669888998218314,0.5284673654716163,0.3462659894281734
6,2020-03-19,1,0.46978921568526616,0.004703444895852828,0.1942811158915886,0.0035204906325121614,0.22623170223023514,0.1014740253828961,0.23625782418042693,0.5386290807744649,0.37787603857142854,75,0.26483741812071127,0.4600346749488558,0.37686476307654654
7,2020-03-20,0,0.4601739147965425,0.005983621816246941,0.19895649556666342,0.00333428466107348,0.2202244099437487,0.11132726492521783,0.23316446085084314,0.5515059608075051,0.3769622814285714,127,0.2609477434389574,0.48495417678818864,0.32997313462348504
8,2020-03-21,0,0.39379162925036976,0.0060752009683326365,0.21863118756508643,0.0033150497139384423,0.25433541136627513,0.12385151577489813,0.16390039158677386,0.5068616565351634,0.38822581857142857,33,0.2856730181642321,0.48318608051135203,0.2960328405503293
9,2020-03-22,1,0.4405397378135162,0.006388824877158382,0.10884562442867217,0.003368555730969627,0.2592255599503959,0.18163169361689108,0.16390039158677386,0.5206385144282881,0.37927889000000004,29,0.23255946505067898,0.5180480208645519,0.2432542419245834
10,2020-03-23,1,0.4179384847930721,0.006092553445636175,0.09290547025963648,0.003206130292000068,0.2744185782624445,0.20543877829259197,0.13215435984074214,0.5249485565536977,0.38235305571428574,9,0.19922613171734563,0.548488192510269,0.20986339840087828
11,2020-03-24,0,0.42513391268065676,0.005369310024655405,0.09194335632932894,0.002660057647552527,0.2604775671979867,0.2144157924737819,0.1467440254942376,0.5202324399393604,0.3855915214285714,35,0.18178577872532892,0.5707806949625324,0.1918295271518337
12,2020-03-25,0,0.44107522478298916,0.00466030716932517,0.10083166068858847,0.0022279399465714076,0.23214993655561988,0.21905492732364004,0.16032546512683865,0.5250006261543712,0.37815906571428565,19,0.17007594303386384,0.5861536564354648,0.1859741295286612
13,2020-03-26,1,0.4541492530840419,0.004796982604780319,0.09289943133355125,0.0019707246018584703,0.24157821071174027,0.20460539072627554,0.15913498893636246,0.5151387812856616,0.36956123428571436,8,0.16098503394295474,0.6117306995410502,0.17523314130561235
14,2020-03-27,1,0.4643283720693479,0.0033872258118571473,0.10094308517676279,0.0019444381263020272,0.23345340549651156,0.1959434631124723,0.16222835226594626,0.5251303845300582,0.3618510557142858,16,0.15032444407444406,0.6403236904999244,0.16244347882738294
15,2020-03-28,0,0.4620035241465374,0.0033403344400347998,0.10212289344650449,0.001976426606575516,0.22776766667407986,0.20278914453519697,0.1838733739109679,0.5336084595632229,0.3730312785714286,15,0.1454404391904392,0.6752397234961264,0.14756067139886567
16,2020-03-29,1,0.4471389381208328,0.0038386604893785492,0.10231432719965884,0.002326353065365424,0.2979427296159443,0.14643898463147118,0.19203663921709033,0.5256962399472564,0.3614102628571429,35,0.16283970658970656,0.6828140505791939,0.1499463098102228
17,2020-03-30,1,0.4065225018435328,0.0041777696900916145,0.17505135456215046,0.0023300096068150167,0.29285687626802,0.11906147688925403,0.22973505191550303,0.5204226001026443,0.35321062999999997,8,0.1331478298390063,0.6930794540928336,0.14912066370777444
18,2020-03-31,0,0.39324334869266314,0.004289693770210501,0.175034563180805,0.0025896814452141433,0.3196713739032182,0.10517132801330706,0.19720203871022093,0.5188723491066014,0.3429796657142857,34,0.1395414362326127,0.6950310798155875,0.1532039440554084
19,2020-04-01,1,0.3914309415926011,0.004470524926092464,0.1618485966177187,0.0026149112535292537,0.3285869953700575,0.11104801846196799,0.20284113645458185,0.5243998983382748,0.3442727842857143,16,0.1397540212666263,0.6896917471650335,0.16287497981556795
20,2020-04-02,1,0.393165031818727,0.004285675666866468,0.16211615259698628,0.0026248427733494674,0.32438573239113805,0.11342255604007005,0.2206982793117247,0.5346835907267155,0.34865204714285714,12,0.14702219169269148,0.6835468291224277,0.1710145896082113
21,2020-04-03,0,0.4034127916723497,0.017071056835496607,0.1517275483087183,0.002729076715990596,0.3050716528974631,0.11998786857632877,0.21355542216886755,0.5269016926820004,0.3476934857142857,10,0.13146041142502884,0.6746267636170966,0.1826295169206018
22,2020-04-04,1,0.40552472551994706,0.017276322343448638,0.1329316110572191,0.0028352950562890978,0.3059306558660255,0.13550137850940422,0.1818093904228358,0.5217037016042566,0.33427109,9,0.12883084554245092,0.6669812888872168,0.19264779074305136
23,2020-04-05,0,0.47616916425046185,0.018338344681572617,0.11708694787597193,0.0024622495198134567,0.2266953894154104,0.15924789944628612,0.22126517273576093,0.550997902457074,0.33417892,6,0.10972785550922834,0.6776934255382041,0.18952306138927516
24,2020-04-06,1,0.5337702488197269,0.018120186464218875,0.060905983561596155,0.002674405385190661,0.20521176817844466,0.17931740696070753,0.21314828961887783,0.5581876326145692,0.3399928214285714,22,0.1156102084504048,0.6818329331375708,0.18788892827399442
25,2020-04-07,0,0.5495449337526522,0.018059999901071145,0.061938654389509136,0.002547717096011646,0.18375481840117502,0.1841538754581551,0.23825063825063825,0.5645689756344237,0.3412849057142857,39,0.10844700128719764,0.6945448207378889,0.17961910280873555
26,2020-04-08,1,0.5476455702368296,0.018603872929262927,0.06544675725794263,0.002516998062338923,0.19149992834098492,0.17428687180037467,0.23169087148678985,0.5557107561982507,0.34711625285714287,49,0.10642457069333847,0.708598210189913,0.17032706343860973
27,2020-04-09,0,0.5450321274081057,0.02147521449101728,0.07239024931672362,0.0024618217194537404,0.16956204030952712,0.18907854836320845,0.22293076367007827,0.547738999181999,0.34201218428571434,53,0.0908904523786839,0.722754619996057,0.16418947353446692
28,2020-04-10,1,0.5259732975120972,0.008543076644979787,0.08512726318743465,0.0024014462701885753,0.18379271824366264,0.19416219940758817,0.22443452306857448,0.5410375532878511,0.3444852385714286,38,0.1019857996084849,0.7296044996865471,0.16155025267491166
29,2020-04-11,1,0.513577199492334,0.00854575541134331,0.09542511087860359,0.0024299269147444137,0.1952433860595967,0.1847786285448198,0.2280420266760781,0.5368145956874432,0.34788014000000006,44,0.09972426176274982,0.7315108590530581,0.16380197670550073
30,2020-04-12,0,0.4786816443368035,0.007124896428685042,0.1036993554462686,0.00256345726056252,0.22756615535985197,0.1803644920444161,0.2084341835388232,0.5202803587760196,0.34904667,51,0.10972361033938978,0.7258444218590844,0.1694690203523084
31,2020-04-13,0,0.47330216051475066,0.007166361620000167,0.09158570454162304,0.003004053340646032,0.25290060636451495,0.17204111698436186,0.17172599376940892,0.5039972059688139,0.3482104542857143,49,0.11604229165807112,0.7172306518858454,0.17802106415302377
32,2020-04-14,0,0.46473013173185007,0.007140428195565208,0.09782047492295577,0.002974944550196087,0.2551346084133702,0.1721994160868245,0.1622632343066495,0.5000845724924063,0.3490663685714286,72,0.12011767755163882,0.7035042456311389,0.19008023094138157
33,2020-04-15,0,0.4567527985342291,0.006500113137793017,0.10216667144865961,0.0031141915705389265,0.2636127549307888,0.16785347618602245,0.1611199198380049,0.49740274366439446,0.3480122014285714,51,0.12480953034475742,0.6865873994254654,0.20437065433970955
34,2020-04-16,0,0.4451728986185422,0.005648019600540837,0.1128985830693064,0.0031696671805645066,0.2664586502915967,0.16665218601607143,0.15230633150959175,0.5059412879212908,0.3474344071428571,63,0.13042130180867859,0.6658870677286348,0.21942372183225525
35,2020-04-17,0,0.4395823197672157,0.005732207043038694,0.11957207856370884,0.0031627272679002603,0.27425883345430807,0.15769183802975,0.14662138744210598,0.514532720887538,0.3466562214285714,41,0.1298962204210635,0.6531048751080668,0.22821871147959757
36,2020-04-18,0,0.4464995323884298,0.005718924684107579,0.135351821239913,0.0030723761645734976,0.26210162885597366,0.147255720422451,0.170508214900362,0.530952982185001,0.3456181271428571,56,0.13558097494302732,0.6456882358256736,0.23051296316480827
37,2020-04-19,0,0.44041491197974253,0.005631983819879069,0.14805631482752574,0.0032453126641588947,0.2713033109865301,0.1313481681006399,0.15474190837775298,0.5249846579768302,0.34681246857142856,35,0.12435494606993965,0.6360209646268287,0.2380900435450032
38,2020-04-20,0,0.4217727906360707,0.005554471426688907,0.16667344505449536,0.0026652756667145663,0.27638115439036776,0.1269528648927391,0.16385269554976462,0.546717319325215,0.35537355285714284,16,0.11878814445050644,0.6356523521627327,0.23806639132446558
39,2020-04-21,0,0.4611396173185597,0.005517884715725592,0.15787153539025264,0.0026702301812199006,0.2579559006149369,0.11484483215297644,0.21045660843274724,0.5645446461270404,0.34926609857142854,43,0.10264519648937667,0.6422123089648685,0.23400250324551022
40,2020-04-22,0,0.4447087826489816,0.005304581735953578,0.20201153478113668,0.002626649509604268,0.2299661413291258,0.11538231190904372,0.2003025468080974,0.5852479776336036,0.3428997014285714,24,0.10480351183674876,0.6570183231759852,0.22205449167839478
41,2020-04-23,0,0.4363321248071827,0.0033271905451453423,0.21420567026434048,0.0025788885772265848,0.22647701919621774,0.11707910704733068,0.20471834821638,0.5847171009869607,0.34772965285714286,19,0.08841006921379793,0.6800370151791176,0.20503740433167375
42,2020-04-24,0,0.42596003224173146,0.003297452295317012,0.19197655983741524,0.0025486151709603693,0.2499707535177837,0.1262465915911713,0.18985191383775052,0.5662425915277599,0.34580606,15,0.08322657346426446,0.700776700089997,0.19096481184319417
43,2020-04-25,0,0.42840732494316847,0.0032729109958050374,0.17852134723623864,0.0027438855573217276,0.2681774224084438,0.11887711425570749,0.16553218594659405,0.5413255926688542,0.34147763142857146,30,0.08423667447436547,0.7148287205059028,0.18424769149423992
44,2020-04-26,0,0.43650710221979105,0.003299187240568375,0.17537526881546467,0.0026041935889991874,0.2553170578635194,0.12689719150874643,0.16627430097442336,0.5407865163978381,0.35225089857142855,11,0.06885205908975009,0.7405117669585973,0.16649362889585842
45,2020-04-27,0,0.47665806595280114,0.00324354975035619,0.15611324683110014,0.0024596254911674704,0.22142974509506289,0.14009576787376604,0.1841314438315662,0.5372253397787449,0.34980684714285715,4,0.05381446510478769,0.7592406147277696,0.15704673531893168
46,2020-04-28,0,0.48909189981390594,0.011489179825651097,0.14849430221374246,0.00243565246195503,0.20958456369733275,0.1389044001759027,0.1712576896787423,0.5288841245576757,0.36009654714285716,8,0.06297197426229685,0.7701270163428076,0.1518279368791909
47,2020-04-29,0,0.5831952061795045,0.01155195170153219,0.08951058930481974,0.0021855568002552474,0.19014783101388139,0.12340888070701068,0.15340054682159945,0.5184032513042133,0.35172333571428577,1,0.08349983349983349,0.7711119853182689,0.15388635052328895
48,2020-04-30,0,0.646431600158123,0.011615786259679895,0.05316711368497349,0.0019476999549147551,0.16002787761728485,0.12680993092230475,0.22608225108225105,0.5177947212793578,0.3713108357142857,3,0.08349983349983349,0.7638351796385129,0.1618646184478969
49,2020-05-01,0,0.6701509258497176,0.01198156541607739,0.08466274519221655,0.00190950059536368,0.10522594283717542,0.1260693262852914,0.2641774891774892,0.5375440414988504,0.37352182857142857,3,0.0854978354978355,0.7526875816782611,0.1726877504033528
50,2020-05-02,0,0.6771805280717735,0.01186834530387315,0.10213447249448124,0.0016500889623351403,0.06294139477414742,0.1442251724470205,0.24512987012987011,0.5393020020418869,0.3850327342857143,4,0.06385281385281386,0.7548362112999512,0.1734511008704557
51,2020-05-03,0,0.6910797215160299,0.01160382774704429,0.08499988023592407,0.001433805502244482,0.04442297177152469,0.1664597986651692,0.3137755102040816,0.5464541302506057,0.37624108285714286,7,0.07201607915893629,0.7469676472309784,0.18086766207240204
52,2020-05-05,1,0.6972547679867114,0.011628102107277586,0.08002595610682593,0.00176340046213605,0.056055019171092756,0.15327275713128002,0.32568027210884354,0.5426103169763727,0.3597540042857143,3,0.08608534322820037,0.7398576480209132,0.18207552085103104
53,2020-05-06,0,0.6756301240989192,0.003182578835474768,0.1172346528558152,0.001854187802496299,0.05667248259272366,0.1454259811371539,0.36734693877551017,0.5570981530871775,0.36306612714285713,3,0.04712430426716141,0.7454625872993219,0.1816670857487184
54,2020-05-07,0,0.5936130246529229,0.003208796860377697,0.12314971100335435,0.0256428258107669,0.0805037683618435,0.1738818596563853,0.39115646258503395,0.5415148843190677,0.37913314857142855,6,0.04712430426716141,0.7590040345142386,0.17332214270989782
55,2020-05-08,0,0.4805123578000942,0.0027119047137639635,0.12256052986093868,0.025826689636641205,0.22183247112714982,0.14655604575116019,0.2959183673469387,0.5297013263550719,0.36504563285714287,2,0.034137291280148425,0.7856038519303825,0.1540595458962806
56,2020-05-09,0,0.5295836764917794,0.002411810561096273,0.08789825220144869,0.02585821206193194,0.22367574006586724,0.13057230082760266,0.24829931972789113,0.5164019362003143,0.34734377142857137,1,0.034137291280148425,0.8072562358276645,0.13665223665223666
57,2020-05-10,0,0.521961881087077,0.0022137557684707054,0.11703510329877274,0.025852482941723855,0.21822413339613791,0.11471263680893759,0.24829931972789113,0.5186639533045568,0.35080405571428575,2,0.07359307359307359,0.8259931678299025,0.11769001973083605
58,2020-05-11,0,0.5741105205206188,0.002128069208300109,0.11552712198352391,0.02582214496353458,0.2063842578035768,0.07602787563588376,0.21428571428571425,0.5167928672151729,0.3446237528571428,3,0.10216450216450215,0.8372471066348617,0.10212916335365316
59,2020-05-12,0,0.4939836249180925,0.0021183598741550324,0.12533352025701394,0.025605130498020278,0.19795875841227822,0.15500059298328342,0.19523809523809524,0.5120958760074739,0.3544948357142857,5,0.13333333333333333,0.8486350384309568,0.08399151868539624
60,2020-05-13,0,0.4881784933379441,0.002519247194106223,0.0916491438182891,0.026031804804058156,0.224973956345708,0.16664733533924886,0.17142857142857143,0.5093979208291108,0.35718890285714283,2,0.13333333333333333,0.8609506140118386,0.059360367523632836
61,2020-05-14,0,0.5541735350236109,0.0025744128034732414,0.08796731901793028,0.0024997620225240347,0.2070809295743293,0.14570401941780883,0.1952380952380952,0.52395618611858,0.3519112214285714,3,0.18095238095238095,0.8545587065995229,0.046633978266631335
62,2020-05-15,0,0.6073623999116188,0.0030170960272828187,0.1121829006493845,0.002478231411008658,0.10092276881180055,0.17403658099661,0.21309523809523806,0.529124032493592,0.34854073999999996,8,0.18095238095238095,0.8298200665547605,0.05039903407250346
63,2020-05-16,0,0.5760080289855113,0.004467834938467171,0.1121407002781606,0.002521060239260263,0.11636362807268072,0.18849872914641827,0.2845238095238095,0.5449837017276635,0.38044219000000007,6,0.18095238095238095,0.8016800659657803,0.05756545042259326
64,2020-05-17,0,0.5836839698881489,0.0047908685085573935,0.052672960830386674,0.0026036097244719245,0.16815311149402984,0.1880954582227527,0.2845238095238095,0.546621244742668,0.36913471142857146,6,0.19455782312925168,0.7696527961834084,0.0723120416997968
65,2020-05-18,0,0.5151193307274731,0.004764399483905221,0.1225601203279525,0.0025944417711884463,0.16776279639341823,0.18719889450252852,0.2369047619047619,0.5456605649956813,0.3762936942857143,2,0.20170068027210883,0.7406867508908325,0.08705863297700031
66,2020-05-19,0,0.5914854330497162,0.004803501131651201,0.1300869265110772,0.00262075368031906,0.16434433916912802,0.10665903404489131,0.32738095238095244,0.5679365641742369,0.37643726142857137,48,0.14741496598639456,0.7208487204405571,0.10488500161969548
67,2020-05-20,0,0.5918017146752736,0.004517392776203104,0.14472083032039032,0.0019532110287573097,0.1333939125530984,0.12361293002903122,0.32738095238095244,0.5703258226398334,0.37577369857142856,6,0.14741496598639456,0.6959086491739553,0.1278134110787172
68,2020-05-21,0,0.48776562129621326,0.004366179573134099,0.14681740254603762,0.0018502319974989146,0.1579671217607808,0.2012334350738889,0.27976190476190477,0.5527651545098273,0.3859123471428571,3,0.09979591836734694,0.6930774214447684,0.14223841917719465
69,2020-05-22,0,0.5621084134882596,0.004274202869896831,0.12900050007512961,0.0017003458714355388,0.12673035608858463,0.17618617536037057,0.36394557823129253,0.5675170245419612,0.3779611728571428,7,0.09979591836734694,0.7083867832847425,0.13852283770651116
70,2020-05-23,0,0.5529216309868988,0.0024989410030436684,0.14198293206798202,0.0015689208882953933,0.13164418537916986,0.16938338416021367,0.3401360544217687,0.5689290143122586,0.3684765357142856,12,0.11,0.7207806932296729,0.1362649821833495
71,2020-05-25,0,0.5618606344922438,0.002387323452379574,0.14934404951459973,0.001556935751301097,0.10820467916399346,0.17664638060136614,0.3401360544217687,0.5833313641474316,0.37491388142857135,10,0.027346938775510202,0.7514965986394557,0.15128279883381923
72,2020-05-26,0,0.5359604885964993,0.002624842974389118,0.11663970634347472,0.0017319700120196782,0.12862383613242506,0.2144191570294845,0.35876959479443954,0.5805688948417227,0.36915287857142853,23,0.042346938775510205,0.758725299643667,0.1590638160025915
73,2020-05-27,0,0.4759564615727191,0.0027380467232014437,0.12908786178701867,0.0016964373082290413,0.151624597218677,0.2388965941860297,0.25559499161983634,0.5532386344237146,0.36483988999999994,9,0.05821995464852608,0.7614188532555879,0.16911240686750892
74,2020-05-28,0,0.441455796931129,0.011210188121178416,0.14633581136283552,0.0017752021663219994,0.1762381260919481,0.22298488016601084,0.2079759440007887,0.5401307770140273,0.3850027685714286,12,0.10217599860457004,0.751291894046996,0.17889935461364032
75,2020-05-29,0,0.5674746254217894,0.010900603812263845,0.14049105362586453,0.0015339366255790188,0.14422141191012505,0.1353783797697276,0.3508330868579316,0.6020473269080991,0.3976471314285715,1,0.17360457003314148,0.7218905584211708,0.19775659714435223
76,2020-05-30,1,0.5420596558872711,0.010889634402753806,0.140545497221862,0.00177236683700645,0.1428212218526355,0.16191163278726975,0.28450655624568666,0.5772662158124664,0.38816061142857144,8,0.1776862026862027,0.6942384939323715,0.21573920410655106
77,2020-05-31,0,0.5605654757650471,0.011057143662159027,0.1303518856244553,0.001850576989256922,0.13728578750180956,0.1588891379532868,0.23688750862663907,0.5666360820156283,0.38360425,6,0.1776862026862027,0.6869945927088784,0.20456729211831254
78,2020-06-01,0,0.592626285038852,0.01300645164407081,0.1292587169613282,0.001754751311984986,0.12343265188994759,0.13992115085522092,0.2940303657694962,0.562637140523871,0.38072815857142855,5,0.20421681493110064,0.6711501083950063,0.19514465126710026
79,2020-06-02,0,0.6532498439783849,0.01294757563682935,0.09308495259453864,0.0015636160597158407,0.10340294814475719,0.1357510766422834,0.2753968253968254,0.5703579915329696,0.38822206142857146,4,0.22717599860457002,0.6534300166953227,0.18646059156263237
80,2020-06-03,0,0.7129205808501125,0.01290314738573062,0.07280040293615972,0.0016641939614742856,0.09281198016329142,0.10689971380000675,0.3003401360544218,0.5785719431728936,0.3848760742857143,7,0.23987441130298273,0.6304945054945055,0.18344546609852733
81,2020-06-04,0,0.7566303031663717,0.004369443287157409,0.05348513072637452,0.0015999352332027662,0.08588137581992374,0.09803382860554184,0.2924036281179138,0.5727506741614433,0.3656218314285714,9,0.21020408163265308,0.6151728090503601,0.1833345792529466
82,2020-06-05,0,0.7214256012044602,0.004720892100777034,0.055087299701188024,0.0018684636056726211,0.10774106951339364,0.10915669378917713,0.16995464852607708,0.522549833482693,0.33311542571428576,7,0.13877551020408163,0.6177082554633575,0.18577471281552912
83,2020-06-06,0,0.6902983780581791,0.004495856755961093,0.10157822157292469,0.0016637199566104498,0.12224043610447943,0.07972339643824096,0.13424036281179139,0.5473567235339729,0.3371708471428571,2,0.12448979591836735,0.6118860731105629,0.19919638184944308
84,2020-06-07,0,0.7113592267554896,0.004403224696332323,0.09767762116691604,0.002380514215248162,0.10430229835154414,0.07987712273766735,0.20566893424036278,0.553626146754102,0.3525672085714286,2,0.12448979591836735,0.587113453439984,0.23156848820114126
85,2020-06-08,0,0.6687388067253044,0.0022598193949689856,0.09105617681521097,0.0023973485842439532,0.15375440602399068,0.08179345106632896,0.14852607709750565,0.5451374759749761,0.3337106914285714,2,0.0836734693877551,0.5713787346440408,0.26452368493184814
86,2020-06-09,0,0.6901782391579134,0.002215131585878986,0.09187992459764675,0.003192426224873724,0.16216454962343702,0.05036973735377507,0.14852607709750565,0.5501566448500232,0.31218955428571427,2,0.042857142857142864,0.5620823054496524,0.3001513792330119
87,2020-06-10,0,0.596358692416575,0.002063819113010045,0.11934064159505307,0.0031709862356084175,0.21451926749135478,0.06454659173603781,0.15532879818594103,0.5551921611250529,0.32662473,3,0.08571428571428572,0.5589650145772594,0.3252915451895043
88,2020-06-11,0,0.6158719909263357,0.0030984961384322926,0.11845630812021801,0.0032087227661830443,0.19675510193040704,0.06260937724856162,0.20294784580498865,0.5770214428310018,0.31366598142857144,9,0.10714285714285714,0.5501700680272109,0.34880952380952374
89,2020-06-12,0,0.5893516233440356,0.0032777626352432183,0.13669356726325252,0.003321712564121198,0.19721368179099433,0.07014164203105283,0.2361111111111111,0.5891657745291938,0.3259240714285715,8,0.15909090909090912,0.5214307801042495,0.37464661189150983
90,2020-06-13,0,0.6108859957312234,0.003759252784971368,0.0916743731121107,0.003588931119295306,0.19405567011770988,0.0960357713472423,0.2361111111111111,0.5816355598916757,0.3367702357142857,4,0.23051948051948054,0.4988139411608799,0.3821163530347204
91,2020-06-14,0,0.6076694481058179,0.003863246907943818,0.09300359860011778,0.002890971023416084,0.2003086050078439,0.09226412965642607,0.16468253968253968,0.5975070730476301,0.3111201342857143,2,0.23051948051948054,0.49077436169272903,0.3750088347027122
92,2020-06-15,0,0.6697720564885198,0.004025523388889446,0.09117546686851823,0.0028459049726300987,0.13701593743878346,0.09516510248575946,0.16468253968253968,0.6205460910910799,0.32213232285714294,1,0.30194805194805197,0.4812770562770563,0.35332405689548546
93,2020-06-16,0,0.6645725491839195,0.003985296255707438,0.09009602937596986,0.002091384085187633,0.12866375794442966,0.11059097145011436,0.19325396825396823,0.6205031452846107,0.3376107771428572,5,0.30194805194805197,0.4732374768089053,0.32435064935064933
94,2020-06-17,1,0.710242504163623,0.0039634769144449005,0.10004118458605331,0.002056012079611633,0.08894964590920906,0.09474716667965465,0.14563492063492062,0.598983474986199,0.3189960914285715,3,0.30194805194805197,0.4713203463203463,0.29537724180581326
95,2020-06-18,0,0.6852194632032133,0.0032873398287587108,0.08709522950826099,0.0021484528425346028,0.10020634195991855,0.12204316845773493,0.15357142857142855,0.5758536688803827,0.34099489285714285,2,0.31385281385281383,0.4734848484848485,0.26368274582560297
96,2020-06-19,0,0.723913136222178,0.0032195283050116172,0.0691025124751918,0.0019406663209554367,0.07974913388856551,0.12207501575661198,0.24285714285714285,0.5710510286156619,0.35803500571428565,1,0.2619047619047619,0.4959802102659246,0.22649969078540508
97,2020-06-20,0,0.7656862266273016,0.002957703677072539,0.06281209085358391,0.0016892739028359083,0.06921334303749191,0.09764137659000138,0.24285714285714285,0.5708458800720316,0.35552755285714277,1,0.19047619047619047,0.5388837353123067,0.18931663574520718
98,2020-06-21,0,0.7292819230861607,0.002845619815967132,0.06310987571085289,0.0017361624344456744,0.10931538857985283,0.09371104588319121,0.26071428571428573,0.533619975064482,0.35698565285714284,8,0.20634920634920634,0.5602453102453102,0.17140795712224285
99,2020-06-22,0,0.7394172075781084,0.0025952079973648743,0.06165287009221387,0.0015572091634523456,0.10734981143842948,0.08742771344744439,0.4035714285714286,0.5768875172947133,0.3758269114285714,1,0.1349206349206349,0.5816068851783137,0.17390744176458459
100,2020-06-23,0,0.7032430181723265,0.0026157523846319828,0.08387029630345443,0.001704374386809747,0.10805240966874406,0.10051415260767536,0.44642857142857145,0.5888243160077503,0.40425062285714286,2,0.19206349206349205,0.5907235621521335,0.18048855905998762
101,2020-06-24,0,0.7177970313067947,0.0025912311634913184,0.0456795945044307,0.0015395096002196087,0.07849127383066971,0.15390136397285717,0.5035714285714286,0.6146486257761717,0.4174699557142857,5,0.12063492063492062,0.6125953411667698,0.18451865594722738
102,2020-06-25,0,0.6753964867088057,0.0027609581113903444,0.07086212826973111,0.0018199059478189801,0.10130812070960278,0.14785239777369755,0.4321428571428571,0.6087700722011783,0.39110982285714285,3,0.10873015873015872,0.6293650793650792,0.19705215419501135
103,2020-06-26,0,0.6159256267063574,0.003169390500790784,0.10331049603661505,0.0020332109361556293,0.12810459286868406,0.14745668698457418,0.3096938775510204,0.594320125405987,0.36990504,7,0.12658730158730158,0.6372448979591836,0.20850340136054424
104,2020-06-27,0,0.5489230449983001,0.0034829453128424467,0.10721982434282289,0.0023318489731053845,0.14361044979806897,0.1944318733833212,0.33010204081632655,0.5911899619255544,0.3778251728571429,7,0.1469954648526077,0.6222870100421121,0.2296728215095562
105,2020-06-28,0,0.4817659927737981,0.003663607691727433,0.17739987132819782,0.002138060256327954,0.1040568939219193,0.2309755607211145,0.3836734693877551,0.6244258235526734,0.3774542742857143,2,0.13112244897959183,0.6198007774538387,0.24290573372206023
106,2020-06-30,0,0.40505205369157266,0.0039203250442131216,0.18438220391718743,0.002385754549536433,0.1462018778217405,0.2580577746694878,0.24081632653061222,0.557640175443671,0.36400074714285713,13,0.17874149659863944,0.6100664075153871,0.2414804016844833
107,2020-07-01,0,0.38329341916103266,0.003913199262364093,0.16211218304636296,0.0022315792861060404,0.1465132095953164,0.3019364057869754,0.1693877551020408,0.5224080864095223,0.35929933,2,0.17874149659863944,0.5926141885325559,0.2506316812439261
108,2020-07-02,0,0.4088477458432512,0.004196473464073607,0.1551582127334238,0.0025713942309972975,0.18115253723582855,0.24807362957218632,0.11224489795918366,0.5185627979753235,0.35732138,4,0.14302721088435374,0.580604146420473,0.25774214447683835
109,2020-07-03,0,0.4666882188707075,0.003773734935551431,0.152467896187425,0.0022668190588441286,0.1475160276552909,0.22728729197781772,0.16938775510204082,0.5281639949927688,0.36947448571428565,5,0.1659863945578231,0.5712666018788467,0.26145124716553286
110,2020-07-04,0,0.44613217293936164,0.0032967570965593447,0.18953943159873488,0.0021975315690818263,0.14256161331289388,0.21627247749873119,0.1489795918367347,0.5102723679681758,0.3724683485714286,4,0.14557823129251699,0.5590136054421769,0.2739067055393586
111,2020-07-05,0,0.42277478699311405,0.0029835218379137963,0.2160719330010649,0.001971759827862503,0.14582260399557914,0.21037537240126464,0.1285714285714286,0.48911834576525365,0.35530976000000003,5,0.1741496598639456,0.5435860058309038,0.2831875607385811
112,2020-07-06,0,0.47458542402084886,0.002963578194868447,0.17384851620144093,0.0021695094174531597,0.1629239867719921,0.1835089580166143,0.10476190476190476,0.4668853613242317,0.3650391657142857,12,0.0947845804988662,0.5485665694849369,0.2970035633300939
113,2020-07-07,0,0.4949632011121139,0.0030184187166880155,0.18457040114777293,0.002336229206100216,0.1514952946821549,0.16361643005428567,0.15238095238095237,0.46619774000187003,0.3541491628571429,6,0.1209750566893424,0.5445335276967931,0.3092889536767087
114,2020-07-08,0,0.52327283849341,0.003143679891564624,0.1885491433667734,0.0024857587825473115,0.17480626239696337,0.10774229713195897,0.15238095238095237,0.47996127485164575,0.33795767285714284,8,0.15668934240362814,0.5456025267249758,0.31137026239067056
115,2020-07-09,0,0.47947609634693006,0.0030981815310951303,0.22045312105557446,0.0026482765273179395,0.18541179345421757,0.10891251724048436,0.15238095238095237,0.4581484879180789,0.33919225571428574,6,0.21791383219954646,0.5353012633624878,0.31097343699384516
116,2020-07-10,0,0.4647883072218281,0.0033189933405082623,0.2168859196841367,0.002884561307534204,0.19333926962322684,0.11878294773500997,0.16666666666666666,0.4438545022878263,0.3350440542857143,4,0.17709750566893426,0.5167638483965015,0.32792355037252996
117,2020-07-11,0,0.502973084606319,0.0035166569194448227,0.15312499865768972,0.003366547611048601,0.20602229145920967,0.13099642633162492,0.16666666666666666,0.4368055021377014,0.3123733514285715,1,0.21281179138321996,0.5011418853255588,0.3339407191448008
118,2020-07-12,0,0.5507512221467638,0.0035663016322359333,0.12500589095933326,0.0034277541067456135,0.22443428655720446,0.09281454978412336,0.2095238095238095,0.45869822205177374,0.31582641714285714,10,0.22709750566893425,0.4875607385811467,0.3399578879170716
119,2020-07-13,0,0.5527346213725173,0.0034670561931436374,0.09844415417180803,0.004621566315195351,0.23688890877341948,0.10384369987164277,0.1619047619047619,0.44376648854686035,0.3230283742857143,8,0.25884353741496596,0.4649092970521543,0.33917233560090704
120,2020-07-14,0,0.5877673042028965,0.003423624903128509,0.08416028774705145,0.004471872603018993,0.21741162599237643,0.10276528442995007,0.18571428571428572,0.445457531515775,0.3315130371428571,2,0.22312925170068026,0.45212180110139294,0.33736637512147716
121,2020-07-15,0,0.5748117664385409,0.0034877531360030497,0.08321788423303841,0.004531006149807607,0.24222072998368052,0.09173086121168338,0.22142857142857145,0.4405194708718253,0.31649969142857143,4,0.20782312925170068,0.43277453838678326,0.349408811143505
122,2020-07-16,0,0.6074637943490719,0.003403133704601402,0.04981766968142303,0.004139016137958633,0.2036054099949459,0.13157098693440533,0.22142857142857145,0.44850674198807344,0.31488126857142856,6,0.16700680272108845,0.43733398121153216,0.35212180110139285
123,2020-07-17,0,0.6456309059246754,0.0035166967845205377,0.028699328580322363,0.0037913689061713257,0.19693928199100938,0.12142241100581093,0.22142857142857145,0.4738440740893461,0.3162604214285714,4,0.16700680272108845,0.4523890508584386,0.3385082604470359
124,2020-07-18,0,0.7102007623639933,0.0029736862636387086,0.02111928533953942,0.003021819769422797,0.1606975837625213,0.10198684808897915,0.36428571428571427,0.5220221838288541,0.33711536714285717,1,0.13129251700680272,0.4834791059280856,0.3190638160025915
125,2020-07-19,0,0.7276564375441966,0.0030863829649335817,0.023356448058620978,0.0031012753625829495,0.1355867447346099,0.10721269957554921,0.32142857142857145,0.5316740759448814,0.3458168128571429,4,0.08843537414965986,0.5217120181405897,0.3006397797214123
126,2020-07-20,0,0.7122601330490961,0.0032729065257756157,0.027294606009880696,0.002048454716541044,0.15331427775215287,0.1018096086918376,0.32142857142857145,0.5411320258397608,0.3370080385714286,8,0.07256235827664399,0.5542759961127307,0.2946873987690314
127,2020-07-21,0,0.6509144024868008,0.003405431749914461,0.049247253208471016,0.0020687561570888026,0.16186912953645718,0.13249501401109484,0.25,0.5442167879255223,0.33396047285714286,5,0.09637188208616777,0.5757855523161645,0.29128603822481375
128,2020-07-22,0,0.7007121424711797,0.003136249771064457,0.04629497699289845,0.0018695857958629313,0.12109317637431168,0.1268938537980873,0.3190476190476191,0.5670031526777893,0.34114403285714284,15,0.07596371882086166,0.6132491091674765,0.27265954000647874
129,2020-07-23,1,0.7205601089545305,0.0032188174195609334,0.04703756075302534,0.002121221701686577,0.13627293694215556,0.09078932827881844,0.34761904761904766,0.5606418061668851,0.3381134414285714,5,0.055555555555555546,0.6308875931324912,0.2709426627793975
130,2020-07-24,0,0.6684740246717064,0.022442811338086788,0.04863554729714187,0.0023966804326932766,0.1664347174053546,0.09161619820377033,0.31190476190476196,0.5544834289699793,0.33840639,4,0.08412698412698413,0.6403628117913832,0.2733074182053774
131,2020-07-27,0,0.642072377172077,0.022862341162965573,0.0532884124961054,0.002678323906155724,0.17987979998923742,0.09921872921170803,0.16904761904761906,0.5434702756833664,0.34477842571428574,7,0.1101010101010101,0.6387063050328357,0.2779912830933239
132,2020-07-28,0,0.6146744288437601,0.02271893234605909,0.0496134301975407,0.0025822158721132632,0.1935345638439227,0.11687641683870886,0.16904761904761906,0.5346214081711914,0.3453820585714285,6,0.1305091733663162,0.62917807815767,0.2815089672232529
133,2020-07-29,0,0.5984936314136056,0.022665524775745155,0.07272854778269415,0.0026072765568660415,0.18995333284960875,0.11355168515322157,0.16904761904761906,0.5309324954721923,0.33468932999999995,4,0.1344774273345702,0.6275863592190122,0.2742556762964926
134,2020-07-30,0,0.6519146746811678,0.022782624934817336,0.05106870604831036,0.002699717837560007,0.18484213400492955,0.08669214194567655,0.21666666666666665,0.5318814836111122,0.3307961857142857,6,0.11066790352504638,0.6302463409606267,0.26955340577789555
135,2020-07-31,0,0.6187174710123579,0.023329980678652,0.05661912674169831,0.003069080180507478,0.19134605168924246,0.10691829611163987,0.11190476190476188,0.4903394934310115,0.31482120999999996,2,0.11066790352504638,0.6155755808817034,0.27926642518479255
136,2020-08-01,0,0.6005744495196268,0.02358716659007912,0.06127009735772141,0.0032267136907926683,0.1994129415945689,0.11192863835037689,0.08333333333333333,0.4685519822071731,0.30334223714285713,3,0.11066790352504638,0.6007104573431103,0.2862583561563153
137,2020-08-02,0,0.6347399496063145,0.004355759616880973,0.05953840362414915,0.003068913244539308,0.17543329831101293,0.12286368343063632,0.07142857142857142,0.465801607956793,0.2903090171428571,6,0.08209647495361781,0.595369143328327,0.2918897429101511
138,2020-08-03,0,0.5652157644951893,0.004152492628366236,0.08240619042356097,0.0032043585933500414,0.22367715538538976,0.12134404423358357,0.07142857142857142,0.46407221859054903,0.2925309242857143,3,0.10374149659863943,0.5816790352504638,0.3064883529169244
139,2020-08-04,0,0.6027413785646092,0.003911646060426955,0.08266326374901757,0.0030574978871324284,0.2126443131772273,0.09498190721195998,0.07142857142857142,0.46154025020648015,0.28687487428571423,7,0.12414965986394558,0.5687177901463615,0.32035809994993664
140,2020-08-05,0,0.5659863204650935,0.003480049185169698,0.19250352456761827,0.002554711624805689,0.15834512726822905,0.07713027063323194,0.07142857142857142,0.4638104341049888,0.3233054914285714,1,0.08843537414965986,0.5625592661306947,0.33309406013487647
141,2020-08-06,0,0.5812768978199788,0.0032159334795824634,0.1906885970792524,0.0024253681643198665,0.151298275320683,0.07109492173161809,0.05238095238095238,0.47807398163263687,0.33512559000000003,5,0.08843537414965986,0.5499381570810142,0.34889124480961214
142,2020-08-07,0,0.5728919000852676,0.00282168565250668,0.18707800571946107,0.0022616305380392357,0.1846321296269948,0.05031464826236443,0.14761904761904762,0.5207878926657393,0.34705925142857147,3,0.08843537414965986,0.5554576376004947,0.3465478399151869
143,2020-08-08,0,0.49792288850460725,0.0025717420895903275,0.18070384624642225,0.002303784858687974,0.280410313549876,0.036087435190439145,0.14761904761904762,0.5606853805814368,0.3475958128571429,1,0.08843537414965986,0.5596165739022881,0.34556497923844864
144,2020-08-09,0,0.4670545755967903,0.0023840112930011083,0.19328034574135847,0.0022239355088668846,0.2864995425966961,0.048557605174034284,0.12380952380952381,0.5780481175490382,0.3614327157142857,7,0.08843537414965986,0.5593051506316813,0.3449708454810495
145,2020-08-10,0,0.5557400957674903,0.0023677192458907608,0.17074787956321938,0.0018908313315774605,0.22547690046160812,0.04377659461334292,0.12380952380952381,0.5627025989032521,0.32988077857142856,1,0.04081632653061224,0.5886783284742468,0.3245869776482021
146,2020-08-11,0,0.5169951866640626,0.0028540310822109853,0.17056376676712273,0.0020993538379041423,0.22271589811944373,0.08477177578420533,0.13809523809523808,0.5644114166057231,0.3363187171428571,10,0.011904761904761904,0.6204810495626824,0.30881924198250726
147,2020-08-12,0,0.5999527377774146,0.003101186967295609,0.07812576857500397,0.0022485481318146087,0.22478829697237762,0.09178346788485335,0.18571428571428572,0.5755511509434503,0.30354907714285717,3,0.011904761904761904,0.6420796890184646,0.29815354713313896
148,2020-08-13,0,0.6060239953686624,0.003057843542298986,0.07687231999694058,0.0021149512884233433,0.217832312742557,0.09409858931828488,0.3,0.5831697319361832,0.2970984114285714,1,0.011904761904761904,0.6774538386783284,0.27371234207968903
149,2020-08-14,0,0.6069584785194807,0.003137258744539582,0.07959572871852753,0.0021165398122159314,0.20449724367484734,0.10369475577145393,0.2285714285714286,0.5799604766641041,0.3052196714285714,6,0.011904761904761904,0.695821185617104,0.2662779397473275
150,2020-08-18,0,0.6917640786872207,0.0032209902097586197,0.08292871083548292,0.001960019123753112,0.10128493994893344,0.11884126090341667,0.2761904761904762,0.5758783604278147,0.30655642000000005,3,0.011904761904761904,0.7277939747327503,0.24523809523809523
151,2020-08-19,0,0.7067477640512931,0.0031038861924094544,0.08326189819171777,0.001980866314815527,0.09654985549998288,0.10835573099431621,0.2761904761904762,0.5524039742492495,0.3053440457142857,4,0.047619047619047616,0.7595238095238095,0.2193391642371234
152,2020-08-20,0,0.6861483179249002,0.0033774347413175624,0.08202573763985473,0.0022239124112750914,0.11046343777866455,0.11576116333460608,0.2761904761904762,0.5640774795874244,0.32396154714285713,2,0.11904761904761905,0.7606413994169098,0.20704567541302232
153,2020-08-21,0,0.708065884262656,0.003507563502006637,0.08532693335326343,0.0023630244513263587,0.11612789804903079,0.08460871710918748,0.2619047619047619,0.5359833943347136,0.30482547285714284,1,0.10714285714285714,0.7627308066083577,0.19135082604470358
154,2020-08-22,0,0.7422202659016918,0.0035986115392352565,0.040419849019686094,0.002834319178613649,0.12839084739209197,0.08253613871888119,0.21428571428571427,0.5104834061648165,0.31144008428571424,1,0.10714285714285714,0.7546161321671525,0.1858600583090379
155,2020-08-23,0,0.6895310489771268,0.0037987315130608083,0.04454712473726384,0.0030928112832562774,0.16504028839269827,0.0939900383536171,0.07142857142857142,0.49093053313238283,0.32521675714285714,5,0.10714285714285714,0.7301749271137027,0.1966958211856171
156,2020-08-24,0,0.6560564446821532,0.0038044823869962654,0.047442403587878525,0.0030414684370736154,0.13962262555446828,0.15003261770276968,0.07142857142857142,0.4756003189193351,0.31786109285714287,6,0.13095238095238096,0.7125364431486881,0.19732750242954317
157,2020-08-25,0,0.6756003422201112,0.0036993300452151665,0.0462716969409181,0.00284084798102927,0.12027346609226826,0.1513143556735788,0.023809523809523808,0.4547104404511906,0.33972560142857144,4,0.13095238095238096,0.6976190476190476,0.19523809523809518
158,2020-08-26,0,0.6788206907059898,0.004053687306475731,0.037948515117057526,0.003128979575870102,0.13055781854117018,0.14549034500405897,0.023809523809523808,0.4279638680301252,0.33284977857142856,1,0.09523809523809523,0.6870748299319728,0.19897959183673466
159,2020-08-27,0,0.6598193983751116,0.0041044917811328754,0.03762534099486874,0.003078800070215892,0.13687085593451873,0.15850113908804594,0.023809523809523808,0.42206043190367165,0.33575370285714284,5,0.05238095238095238,0.692857142857143,0.20272108843537412
160,2020-08-28,0,0.6963947583326704,0.006399600825361147,0.031895327182774866,0.0026530698328444636,0.11568527524359518,0.14697199003283107,0.16666666666666669,0.5135449082768034,0.33689241857142854,1,0.05238095238095238,0.6850340136054422,0.2183673469387755
161,2020-08-30,0,0.6780411717951731,0.006628170827891444,0.032983822416004095,0.002713235393249638,0.12465118610832303,0.15498242354064823,0.19523809523809524,0.5383246639095957,0.33100702285714284,5,0.05238095238095238,0.6853741496598639,0.2258503401360544
162,2020-08-31,0,0.6492291561411029,0.0063988326860929335,0.10107187242967826,0.002631344908253799,0.09821505524679582,0.14245374978580952,0.23095238095238096,0.509794114276412,0.30934242428571423,4,0.05238095238095238,0.6938775510204082,0.22517006802721087
163,2020-09-01,0,0.6491797887555245,0.006415047364134749,0.11871661827345151,0.002848613126046753,0.1435458124056042,0.07929413314393186,0.23095238095238096,0.4861436022702782,0.30324277142857137,6,0.028571428571428574,0.6916909620991254,0.24198250728862974
164,2020-09-02,0,0.5571718799406274,0.006377452851475405,0.12041541966720523,0.002905205139090594,0.19101155464976768,0.12211849789905714,0.23095238095238096,0.4928330156411089,0.29690130571428563,3,0.0642857142857143,0.6789601554907678,0.26423712342079686
165,2020-09-03,0,0.5432094968995357,0.006120799763552194,0.12113651781276394,0.0027854205070026897,0.20318707573689085,0.12356069898814892,0.25476190476190474,0.5156930314101988,0.30909480285714286,6,0.0642857142857143,0.6577259475218659,0.2898931000971817
166,2020-09-04,0,0.5484760441025995,0.006178994483516738,0.12173111525563785,0.0031094882420715426,0.1981397704271893,0.12236459753836414,0.2785714285714286,0.5138954830817168,0.30495107571428576,6,0.03571428571428571,0.6257045675413023,0.3242954324586978
167,2020-09-05,0,0.5171629653585287,0.003527371532219923,0.12477304314130115,0.003336637489562742,0.20085018419700815,0.15034981415568227,0.1357142857142857,0.4338337610005623,0.32521799285714287,1,0.03571428571428571,0.6038872691933916,0.34849368318756074
168,2020-09-07,0,0.4892849701995839,0.003116786298743912,0.18350150775430452,0.0028009514032981677,0.1798412925581076,0.1414545016665388,0.10714285714285714,0.4416879958428797,0.3389806971428571,2,0.03571428571428571,0.5895529640427599,0.3652089407191448
169,2020-09-08,0,0.5397310759068378,0.003507497822976669,0.11695658761475762,0.0029968281811479642,0.18872356357695974,0.1480844510314498,0.07142857142857142,0.4399582939710291,0.33868245714285716,1,0.03571428571428571,0.5765792031098155,0.3805636540330418
170,2020-09-09,0,0.5679599390936173,0.0036754701081441127,0.09916178167221089,0.0029752775109261587,0.16979662746834076,0.15643091079324392,0.047619047619047616,0.4551468118191475,0.3412270471428572,5,0.03571428571428571,0.5815840621963071,0.3745383867832847
171,2020-09-10,0,0.6785906124277972,0.003723894131170275,0.0961320038707483,0.002940711800640925,0.12099674265232996,0.09761605115463243,0.047619047619047616,0.46845135158903545,0.33446843285714284,1,0.0,0.5927113702623906,0.37259475218658894
172,2020-09-11,0,0.711935148707458,0.0037383814760860367,0.09238935012170776,0.00290019577445313,0.10246460913317382,0.08657233164523769,0.09523809523809523,0.491098342912183,0.32802407714285714,2,0.0,0.6038386783284742,0.3706511175898931
173,2020-09-12,0,0.6433185949710951,0.0033330444770399126,0.18442706429687813,0.002448559160152999,0.0958787657599064,0.07059399165224191,0.07142857142857142,0.47440297252010727,0.3256827814285714,3,0.04081632653061224,0.6137998056365402,0.35996112730806606
174,2020-09-13,0,0.5374516669184058,0.0031240715958465934,0.21480620779607087,0.002496534801251761,0.10527696520037433,0.1368445557392468,0.07142857142857142,0.4911459475365424,0.31343949285714284,3,0.04081632653061224,0.6339650145772594,0.3390670553935859
175,2020-09-14,0,0.5218824518101645,0.003498137931594415,0.15809501305865564,0.0030687775836364542,0.1369988159244669,0.17645681246150552,0.10714285714285714,0.4821795609522434,0.3055305228571429,4,0.04081632653061224,0.6503887269193391,0.3219144800777453
176,2020-09-15,0,0.5231147522960479,0.003343983622921958,0.15566060237165183,0.003251118735906378,0.1348478984987152,0.1797816472687936,0.15476190476190474,0.5074632743781522,0.30353688714285715,3,0.04081632653061224,0.6586491739552963,0.3129251700680271
177,2020-09-16,0,0.4790827152152945,0.0030780158440826097,0.2281026402322043,0.0030805100198319163,0.11769698287839887,0.16895913064668308,0.15476190476190474,0.49497170463381784,0.30062632857142857,3,0.07653061224489796,0.6494169096209912,0.31632653061224486
178,2020-09-17,0,0.4920108434577871,0.0026920781057837673,0.2258956159015984,0.0027661668479724883,0.11126402607035177,0.16537124638368064,0.15476190476190474,0.5131758659457167,0.30482654,1,0.07653061224489796,0.6350826044703596,0.3197278911564626
179,2020-09-18,0,0.49853194922408356,0.00261592549837324,0.2233096719802623,0.0025362878015064883,0.09582296048202328,0.17718318917156592,0.13095238095238096,0.5415173790018473,0.3012010057142857,3,0.12414965986394556,0.6241496598639455,0.3129251700680272
180,2020-09-19,0,0.5620790683176546,0.0035231122747063264,0.13267633357428987,0.0028119414471022837,0.1088822307841231,0.19002730016585526,0.13095238095238096,0.5576558971600164,0.29943955142857137,1,0.08333333333333333,0.6336248785228377,0.2973760932944606
181,2020-09-21,0,0.6787074560388213,0.004123020789674665,0.10247301158129367,0.0028860161615912117,0.10693923671108978,0.10487124898992033,0.17857142857142858,0.5717725186386989,0.29233639999999994,3,0.08333333333333333,0.6328960155490767,0.2920310981535471
182,2020-09-23,0,0.713968166105804,0.0038954927142531644,0.09741274584770765,0.0024870993123234124,0.08169515495232879,0.10054132733819723,0.14285714285714285,0.5746987336492609,0.31053651857142855,4,0.10714285714285714,0.6253644314868804,0.2900874635568513
183,2020-09-25,0,0.6854112707078457,0.0037208274727509355,0.09645453299682617,0.0021411804413045553,0.09612645051397732,0.11614572521890898,0.09523809523809523,0.5533946623803959,0.31235260000000004,3,0.14285714285714285,0.6229348882410105,0.2779397473275024
184,2020-09-27,0,0.7355581440386318,0.004171820149557351,0.020744459262502978,0.0025515828109789356,0.09436797189881045,0.14260600574995067,0.09523809523809523,0.565456610647518,0.3083076942857143,2,0.10714285714285714,0.6375121477162293,0.25898931000971814
185,2020-09-28,0,0.6561695974475394,0.0046222250987608795,0.02383665454406232,0.0029832887528408285,0.16029616303664312,0.15209206663885627,0.09523809523809523,0.5448311204046365,0.30275657428571423,4,0.14285714285714285,0.6469873663751216,0.24003887269193389
186,2020-09-29,0,0.6328830845277047,0.004890401706991969,0.028978848812888175,0.003328421149663357,0.18093193152786363,0.14898730331437293,0.047619047619047616,0.47022923863093763,0.2911308185714286,1,0.16666666666666669,0.6530612244897959,0.22789115646258504
187,2020-09-30,0,0.5391143110602917,0.0037769936281532982,0.025384068472097426,0.003155474514295743,0.2898873382447554,0.13868181669490043,0.047619047619047616,0.4401380179050777,0.28894807857142857,1,0.16666666666666669,0.6241496598639457,0.24489795918367346
188,2020-10-01,0,0.45524850389033206,0.0032707771232317784,0.023083398855565675,0.0034146744590196664,0.38179284421771414,0.13318979886874632,0.0,0.44930686874847325,0.33016827285714284,1,0.16666666666666669,0.5748299319727891,0.282312925170068
189,2020-10-03,0,0.5029141541814343,0.0030559145026407284,0.022800897514181444,0.003167981619342345,0.3733692912695309,0.09469175243395421,0.14285714285714285,0.41441599303590404,0.29523834857142855,1,0.14285714285714285,0.5204081632653061,0.33163265306122447
190,2020-10-04,0,0.5077539129692706,0.0032285259117737614,0.02500686175855139,0.0032885943233156786,0.3874042170077917,0.07331788233880483,0.19047619047619047,0.42344299940658464,0.30279226,3,0.10714285714285714,0.4829931972789115,0.37414965986394566
191,2020-10-05,0,0.5333091404532925,0.00291576129841679,0.02301141130737956,0.0037770050936765933,0.3845842651679136,0.052402413450181436,0.19047619047619047,0.40541120738323244,0.3203839842857143,2,0.17857142857142858,0.44217687074829926,0.40476190476190477
192,2020-10-06,0,0.5231636970614394,0.0032213757679398045,0.03525306760067382,0.003905031918769728,0.36090840486299597,0.07354842878079837,0.19047619047619047,0.3976609708475215,0.32751642857142854,2,0.14285714285714285,0.4047619047619047,0.4421768707482993
193,2020-10-07,0,0.5087246762233831,0.0033756562042980905,0.03581547308047963,0.0040046217008715005,0.37295928258737104,0.07512030224981049,0.19047619047619047,0.40010909028351305,0.33607212,1,0.07142857142857142,0.38095238095238093,0.4795918367346939
194,2020-10-08,0,0.5839454890007064,0.0038840433865385974,0.039138183563149354,0.00403639115947515,0.2803325768216468,0.08866331420306643,0.19047619047619047,0.4335584813861975,0.3384385528571428,4,0.10714285714285714,0.39285714285714285,0.47619047619047616
195,2020-10-09,0,0.6311402927551951,0.004316197062421188,0.044202476861842296,0.003832263001684226,0.2221018098838006,0.09440696368082646,0.23809523809523808,0.3969567194714078,0.29578511571428573,3,0.1357142857142857,0.4374149659863945,0.43605442176870746
196,2020-10-11,0,0.5458296786195466,0.0045575148320667665,0.05560014164906789,0.004192397777279353,0.2913914939521679,0.09842878531864176,0.09523809523809523,0.4232320538899373,0.30984032857142857,6,0.1357142857142857,0.5228862973760933,0.3475218658892128
197,2020-10-12,0,0.5356617215577335,0.004680595252596323,0.05610249278834085,0.0042923622282354575,0.30067281338519286,0.09859003566227673,0.047619047619047616,0.42818443239001286,0.3045977114285714,3,0.09999999999999999,0.5501943634596695,0.3314382896015549
198,2020-10-13,0,0.5258570959614146,0.004700846163489409,0.06872588049321031,0.0034450431994627754,0.299177889080186,0.09809326647137775,0.047619047619047616,0.4397195549482213,0.2906109214285714,4,0.09999999999999999,0.5860058309037901,0.3017492711370262
199,2020-10-14,0,0.5857188464364125,0.00434061824177786,0.0568838615186645,0.003195237114726125,0.2751691208250122,0.07469233038898973,0.11904761904761904,0.450135399886806,0.27242378285714286,2,0.09999999999999999,0.6116132167152575,0.2720602526724975
200,2020-10-15,0,0.6090163039043546,0.004165653230821927,0.05441424599571504,0.003003552457639187,0.2554425308820404,0.07395772371992707,0.21428571428571425,0.48173334579693056,0.28152392142857147,3,0.0642857142857143,0.6270165208940719,0.262779397473275
201,2020-10-16,0,0.6176096758406077,0.004455993334496604,0.0558522183619927,0.0032514399430337085,0.2515032471364109,0.0673274253709851,0.21428571428571425,0.4611070724847238,0.2853316928571429,1,0.03571428571428571,0.638338192419825,0.26574344023323615
202,2020-10-17,0,0.6213861842684094,0.004618199414662258,0.056620160259106815,0.003397531803264904,0.24238499527910745,0.07159293881947325,0.16666666666666666,0.4475650384068666,0.29142763571428576,1,0.03571428571428571,0.6700680272108842,0.24829931972789115
203,2020-10-19,0,0.6743871896039872,0.004948278162850108,0.04771229024932138,0.0035032783399357773,0.1947603705734114,0.07468860779841803,0.23809523809523808,0.4438804613625897,0.29059423999999995,2,0.03571428571428571,0.7056851311953353,0.22696793002915452
204,2020-10-20,0,0.6946363977733113,0.005469525362630993,0.0454618193730268,0.003351247286246598,0.15791889578838542,0.09316212094785262,0.26666666666666666,0.45350757049707074,0.3126274885714286,5,0.0,0.7481049562682216,0.1988338192419825
205,2020-10-21,0,0.6561346859449433,0.005747557431459373,0.03522828339288627,0.003674883065867145,0.20323020317328402,0.0959843924960642,0.26666666666666666,0.46124144947599793,0.3270392357142858,2,0.0,0.7735179786200194,0.18770651117589893
206,2020-10-23,0,0.6273005749334558,0.005900288122107357,0.061716796197218864,0.0037018778189944162,0.201269575263307,0.10011089086709983,0.19523809523809524,0.4382796298872148,0.3317277785714286,6,0.0,0.7989310009718171,0.17657920310981537
207,2020-10-24,0,0.6011045350751374,0.00603828215472662,0.06435772930604536,0.0038961219500855114,0.22300102703794392,0.10160229558213832,0.09999999999999999,0.4055818199029281,0.32447299571428573,1,0.0,0.8192419825072886,0.16545189504373178
208,2020-10-26,0,0.6342030922408283,0.0057189100737949135,0.06201795440533062,0.0036879348096026973,0.20208807533545906,0.09228402398016655,0.17142857142857143,0.4358544964857754,0.31735730714285715,2,0.047619047619047616,0.8177842565597667,0.1652089407191448
209,2020-10-27,0,0.6893208441116647,0.0050332160450384566,0.055362028187872545,0.0031530627009314117,0.16764760424322003,0.07948323667071579,0.31428571428571433,0.46727887668602525,0.3173727314285714,1,0.047619047619047616,0.7959183673469388,0.18537414965986393
210,2020-10-28,0,0.6145352071076299,0.015756099456588558,0.055192823706394285,0.003575914016497883,0.21311124528431155,0.09782869856294596,0.24285714285714285,0.4745601090983976,0.28998707285714287,1,0.047619047619047616,0.772108843537415,0.2074829931972789
211,2020-10-29,0,0.6650821374122253,0.014639922268023395,0.05195927013950751,0.0032245590236491934,0.1947410936578914,0.0703530068082424,0.35714285714285715,0.5069577979278705,0.26103462285714285,2,0.047619047619047616,0.7326530612244897,0.24013605442176872
212,2020-10-30,0,0.7300105349485031,0.014272284935161953,0.04752212191773907,0.002721253646692825,0.13894336560492987,0.06653043106918972,0.42857142857142855,0.5264096603950573,0.26495016285714285,4,0.10884353741496598,0.7048590864917396,0.2523809523809524
213,2020-10-31,0,0.7369047185139996,0.014257806827247619,0.021254664047903864,0.0028307858249587785,0.157375029312139,0.06737698708561111,0.4642857142857143,0.5500919269663946,0.2782641885714286,4,0.10884353741496598,0.6770651117589893,0.2646258503401361
214,2020-11-01,0,0.7412275453763348,0.014220347702835761,0.02042667623650877,0.0028385408149915214,0.15571890999958016,0.06556797866609743,0.4642857142857143,0.5498496074761663,0.2783722985714286,1,0.18027210884353742,0.6390670553935861,0.27687074829931974
215,2020-11-02,0,0.6225261416319492,0.013691505826760155,0.15836961665731253,0.00246756810520305,0.14178421829274154,0.06116096781001289,0.39285714285714285,0.5390762875122683,0.3072792071428571,1,0.1326530612244898,0.6282798833819242,0.2755102040816327
216,2020-11-04,0,0.5623370931827507,0.014258847759698368,0.16312385712669872,0.0029877065798721786,0.1778530861515069,0.07943941966818997,0.25,0.5207400734580698,0.31652241428571426,3,0.1326530612244898,0.6072886297376093,0.28435374149659864
217,2020-11-07,0,0.5945024062779599,0.003400457214281292,0.1632825058151779,0.0024083881525300125,0.12959206843550503,0.10681418412908286,0.25,0.5066990965533825,0.34681456571428576,3,0.07142857142857142,0.6345966958211856,0.23809523809523808
218,2020-11-08,0,0.5474074225639924,0.004158178874474348,0.16931543808009117,0.0029562570257222836,0.159257624836062,0.11690508379113103,0.10714285714285714,0.4619775557979232,0.35785292,2,0.07142857142857142,0.6487852283770651,0.22925170068027212
219,2020-11-09,0,0.5161807471387354,0.004559791287257533,0.17437144163774235,0.0033531367794022516,0.18134939565511773,0.12018549754395191,0.03571428571428571,0.4413624706367652,0.34229570285714284,2,0.0,0.6833819241982507,0.22040816326530613
220,2020-11-10,0,0.48475368409084957,0.004454911759239551,0.17362969102049686,0.003338233890688183,0.21980034696891723,0.11402314243882537,0.0,0.44543836700419587,0.3451704685714286,2,0.03571428571428571,0.699271137026239,0.21836734693877552
221,2020-11-11,0,0.4918281338343929,0.0041370245889992665,0.1715629688807807,0.0034936771830654328,0.214703118467393,0.11427508768004672,0.0,0.4680240561742158,0.34879007714285715,2,0.03571428571428571,0.7355685131195335,0.19591836734693877
222,2020-11-12,0,0.6013571490932789,0.0047054976499306175,0.03507878723931272,0.003838619068292633,0.23204470634283053,0.12297524236852211,0.0,0.4661603971074024,0.3364546871428571,2,0.03571428571428571,0.7514577259475218,0.19387755102040813
223,2020-11-13,0,0.6276876343236794,0.004699524634772675,0.034514800196380445,0.003884542429226491,0.21949283880669443,0.10972065806743643,0.0,0.4817711006495215,0.3429369471428571,1,0.03571428571428571,0.7959183673469388,0.16326530612244897
224,2020-11-14,0,0.6041509184454169,0.0047528529955472715,0.038371788005211495,0.004025912502713986,0.2653058405433382,0.08339269272983071,0.07142857142857142,0.5054426549268621,0.3401156414285714,2,0.17857142857142858,0.8112244897959183,0.1326530612244898
225,2020-11-15,0,0.5094787551996498,0.0039170474878378716,0.17468557593279652,0.003450818825513079,0.23555850377306342,0.07290928918103283,0.07142857142857142,0.48702299648097586,0.3840230771428571,1,0.17857142857142858,0.826530612244898,0.10204081632653061
226,2020-11-16,0,0.5249759628412514,0.0035431083233560855,0.17259306041108044,0.003140013516323393,0.2248045837290452,0.07094324961820214,0.07142857142857142,0.48089477755129334,0.38326245000000003,2,0.17857142857142858,0.8316326530612245,0.07142857142857142
227,2020-11-17,0,0.5703377642909929,0.003805697209567579,0.17605238806572743,0.003203877623101443,0.171430499750256,0.07516974632744675,0.07142857142857142,0.4636947646204915,0.37225484000000003,2,0.14285714285714285,0.8401360544217686,0.047619047619047616
228,2020-11-18,0,0.5940336887433659,0.003988309077353036,0.1768455264682416,0.002707149084017093,0.15310043933901138,0.06932486184190821,0.07142857142857142,0.477327964667763,0.35430511142857146,2,0.14285714285714285,0.8384353741496599,0.03401360544217687
229,2020-11-19,0,0.5799257589346131,0.004214818901216028,0.17561017696529493,0.003037504218809721,0.16965235436301945,0.06755937825073485,0.07142857142857142,0.4890765231634889,0.3492601828571429,1,0.14285714285714285,0.836734693877551,0.02040816326530612
230,2020-11-20,0,0.604419704431036,0.003799326875845714,0.17249698754416645,0.002669296548577043,0.15308377763722092,0.06353089694416013,0.14285714285714285,0.5047261943774564,0.3260094028571428,4,0.14285714285714285,0.8064625850340134,0.03537414965986395
231,2020-11-23,0,0.5921939513421551,0.003508429951034435,0.19741016699283914,0.0024848799838634084,0.11979093367699534,0.08461162157306842,0.07142857142857142,0.47447839717779833,0.32236933714285715,5,0.18367346938775508,0.7779883381924196,0.06822157434402333
232,2020-11-24,0,0.6920697022562049,0.00430204897420475,0.0594833048168636,0.003146873175241323,0.14999602241108992,0.09100204281691858,0.07142857142857142,0.5072656349731343,0.28001802571428575,1,0.18367346938775508,0.7593780369290573,0.08610301263362488
233,2020-11-26,0,0.6995831614958921,0.004433398631434564,0.05868088633786617,0.003283337260030944,0.1463547634942058,0.08766445975717418,0.07142857142857142,0.5137514864014727,0.28895945428571423,2,0.18367346938775508,0.7492711370262389,0.0903790087463557
234,2020-11-27,0,0.7252040967145669,0.004042624098448297,0.05385510718208801,0.003022797439396987,0.1339180744367435,0.07995731309139431,0.07142857142857142,0.5241599659089531,0.27579832285714284,4,0.2122448979591837,0.7310009718172983,0.0987366375121477
235,2020-11-28,0,0.7042278811135995,0.004243233874772753,0.05931975213503128,0.003245223640364401,0.14160236956896757,0.08736155021220574,0.07142857142857142,0.4936724699820791,0.27811569428571425,1,0.2122448979591837,0.7059280855199221,0.11389698736637512
236,2020-11-30,0,0.6928641775334697,0.004040743924477753,0.058463478238748645,0.0029248247208583105,0.13281987723929062,0.10888688761735374,0.07142857142857142,0.48916636447821343,0.2703162,3,0.2598639455782313,0.6903790087463556,0.11273080660835763
237,2020-12-02,0,0.6565929779494626,0.004321983863233672,0.06065833256150303,0.0030225739725643105,0.14665750875671316,0.12874661649471986,0.03571428571428571,0.4901728740813477,0.28352831142857143,4,0.11700680272108843,0.6952380952380952,0.11156462585034013
238,2020-12-03,0,0.7173369197618393,0.004694870349651686,0.032032161368018265,0.0031900577091921794,0.1507726641757818,0.0919733211666988,0.0642857142857143,0.5113218989382897,0.29570706571428573,5,0.07619047619047618,0.7175898931000971,0.1045675413022352
239,2020-12-04,0,0.7474855110758826,0.004131581119560989,0.027810072651343536,0.0026057847275209657,0.12352975622128547,0.09443729721270275,0.20714285714285713,0.5510032903136951,0.28702706285714286,5,0.07619047619047618,0.7399416909620989,0.09757045675413023
240,2020-12-05,0,0.6834393612685657,0.00438121395335261,0.06271963951571485,0.0026592592241718796,0.13413848998600203,0.11266204054062694,0.20714285714285713,0.5438946020656398,0.28327979571428574,2,0.12380952380952381,0.7486880466472303,0.09737609329446063
241,2020-12-10,0,0.6684778610155695,0.004542565685031606,0.06721674868174535,0.0028103160225630515,0.1337389792574824,0.123213534691881,0.20714285714285713,0.5455378654013787,0.3033872457142857,1,0.047619047619047616,0.8394557823129251,0.08027210884353742
242,2020-12-12,0,0.7136021661616506,0.0038420849937080203,0.05707346673991105,0.0023574142495081008,0.11424726687768091,0.10887760319275822,0.35000000000000003,0.6106637509539724,0.31070684571428575,2,0.047619047619047616,0.8340136054421767,0.08979591836734692
243,2020-12-14,0,0.7711913408977644,0.003339540596685449,0.053525794114102576,0.0020331975380290914,0.08925412341195618,0.0806560180258072,0.4928571428571429,0.6519295964656131,0.3322197842857143,1,0.047619047619047616,0.8285714285714284,0.09931972789115646
244,2020-12-15,0,0.8106429293751717,0.002908997367402217,0.05091902296782268,0.0018111707330847198,0.06972869592843504,0.06398920762336009,0.6,0.6770117276813835,0.34261280428571433,2,0.0,0.836734693877551,0.10884353741496598
245,2020-12-16,0,0.8553813727838653,0.002546718092552067,0.047473475209387384,0.0015401795036657855,0.03790546851856296,0.055152826331322964,0.6428571428571429,0.7113838314584323,0.33978969857142854,2,0.0,0.836734693877551,0.12244897959183672
246,2020-12-17,0,0.8341545494539397,0.0029666268196056216,0.0596140733146707,0.0019638006716766574,0.048977164297996575,0.05232382638496342,0.5,0.6542431022971867,0.3503193228571428,2,0.0,0.8299319727891155,0.14285714285714282
247,2020-12-19,0,0.904699329818998,0.002689791017993579,0.030141114219856806,0.0019515670345363859,0.029378000659302638,0.031140227465324848,0.5,0.6535194895629372,0.3263819114285714,1,0.0,0.836734693877551,0.14285714285714282
248,2020-12-20,0,0.8554337284793812,0.0024926038271846926,0.059001963082534616,0.0019491688789067502,0.058634229549040455,0.022488329355837722,0.5,0.6327195958899601,0.33019245428571425,2,0.0,0.836734693877551,0.1496598639455782
249,2020-12-21,0,0.7645231265009248,0.0026778184193452107,0.07888632009520989,0.0021885603528061823,0.09449023160206185,0.05723396700964902,0.39285714285714285,0.5769632744935475,0.3375367571428572,8,0.012987012987012988,0.8330241187384043,0.15831787260358685
250,2020-12-22,0,0.6933367833151437,0.002970182303605287,0.12770116447964455,0.0024755533524425297,0.11187746687868463,0.06163887492272931,0.25,0.5381901174717184,0.32807055,3,0.048701298701298704,0.8191094619666046,0.17207792207792205
251,2020-12-23,0,0.6687449073873548,0.0034205645580576006,0.1308480592962864,0.0026533929903095723,0.12617302804712724,0.06816005749819197,0.10714285714285714,0.48553663482889536,0.31678776857142854,2,0.048701298701298704,0.7983920841063696,0.18583797155225726
252,2020-12-24,0,0.6223988404685985,0.003457105791312594,0.13229149463032147,0.0026454041385260405,0.1392204912162491,0.09998665141964527,0.07142857142857142,0.4523210125376603,0.3110222971428572,4,0.048701298701298704,0.7735930735930735,0.20367965367965365
253,2020-12-25,0,0.6225134516855524,0.0031572741385648656,0.12293894325626921,0.0024089893664667977,0.12776659339093985,0.12121475279023537,0.07142857142857142,0.4526149069158626,0.32143736142857143,1,0.048701298701298704,0.7487940630797773,0.22152133580705008
254,2020-12-26,0,0.584365776545989,0.0034486751627852822,0.11584206350380552,0.0025140392696941715,0.1548900825114937,0.13893936881088714,0.09523809523809523,0.48172135830945556,0.3508452157142857,6,0.048701298701298704,0.7414877639367434,0.2218703065641841
255,2020-12-27,0,0.5940413886647937,0.0038228203726854344,0.12489522023714097,0.0026783846809675165,0.13232104249757298,0.14224116287507402,0.09523809523809523,0.48989259348517017,0.3306812457142857,3,0.048701298701298704,0.7426848661542539,0.21371587596077393
256,2020-12-28,0,0.634057444985956,0.004152151750444968,0.12085087331000799,0.0027071896294641345,0.11758158748714424,0.12065077887936715,0.10714285714285714,0.49598680717338406,0.3345331757142857,3,0.08333333333333333,0.744500397561622,0.20185087021821715
257,2020-12-29,0,0.6195564937991497,0.004238395642255314,0.0836695125822917,0.002930617665224832,0.15824254298632057,0.13136245556844967,0.1331168831168831,0.48873553393263514,0.34667597571428566,11,0.05952380952380952,0.7565200106016432,0.18828518420355153
258,2020-12-30,0,0.5203440925353348,0.003897699705845109,0.12300026794271622,0.0031359072099842347,0.22536236409413385,0.12425968616805741,0.1331168831168831,0.4673713143217454,0.3325645057142857,3,0.05952380952380952,0.7562947256824808,0.1869643961480696
259,2020-12-31,0,0.540412286321181,0.003917948093020323,0.13621119973557147,0.0032156769376251565,0.22100953193015044,0.09523338475002545,0.16883116883116883,0.4578420613407766,0.34168645999999997,10,0.05952380952380952,0.7621918897429102,0.17952115911299585
260,2021-01-02,0,0.5554414369945023,0.003823322406591942,0.1354947446676644,0.0031137533326636795,0.22740372871746733,0.07472302430224685,0.16883116883116883,0.49104565557834257,0.32034519999999994,15,0.05952380952380952,0.718592631857938,0.22002827104867922
261,2021-01-03,0,0.5526372303269013,0.003539484490850058,0.1362746115100622,0.002902223161639381,0.22947708261952718,0.07516938416202633,0.14502164502164502,0.4829970141805031,0.3215334171428572,4,0.07251082251082251,0.6891951585829137,0.24602438377948582
262,2021-01-04,0,0.5518180526496673,0.0035496971136547086,0.09636001432943456,0.0028604726012023646,0.2691407720411944,0.07627100064378889,0.14502164502164502,0.482763765381883,0.33362251571428575,4,0.024891774891774892,0.664590511529287,0.2789778248961922
263,2021-01-05,0,0.5504094538315163,0.0031691585731559993,0.11632049755788973,0.0027385558687494996,0.2605789431353975,0.06678339077418795,0.13311688311688313,0.49180231387603995,0.33595884,4,0.012987012987012988,0.6501899461083135,0.30002650410813675
264,2021-01-06,0,0.6108288363952722,0.0034142833778223855,0.10769677872802792,0.0025572862118895118,0.219694782217266,0.055808021560854536,0.17857142857142858,0.5005384277993635,0.32421795142857146,2,0.012987012987012988,0.6602791766057072,0.29658538740171386
265,2021-01-07,0,0.6685018381070612,0.003672411289880929,0.10116501264440422,0.002480785395164231,0.16529404671579992,0.05888590064326606,0.25,0.5302865206483486,0.3420629842857143,4,0.012987012987012988,0.6652663662867744,0.2982463115116176
266,2021-01-09,0,0.6321325111834865,0.004148119489712194,0.08958211315496421,0.0028210902406758764,0.208211978518271,0.06310417527759753,0.17857142857142858,0.5325685990315729,0.32521067285714284,2,0.012987012987012988,0.6988249845392703,0.27133580705009275
267,2021-01-10,0,0.566058552607761,0.004344262147372146,0.11978954894168835,0.0029884983788568244,0.23190125576885684,0.074917860424778,0.17857142857142858,0.4917016370920465,0.3333171814285714,2,0.012987012987012988,0.7294681508967225,0.24734075448361165
268,2021-01-11,0,0.5865246926633907,0.004166684838959772,0.1188926183468928,0.0028945830079984067,0.21472378090090513,0.07279760606304206,0.17857142857142858,0.500447541891065,0.3400142957142857,1,0.0,0.7522263450834881,0.23494124922696355
269,2021-01-12,0,0.5917749177731041,0.003887603439839647,0.11957680953699826,0.0030021160839948107,0.21397485244753103,0.06778366763527234,0.21428571428571427,0.5163235429375034,0.3430713,4,0.0,0.7732838589981448,0.2174397031539889
270,2021-01-13,0,0.6081050370287683,0.004346053793726975,0.0864615949269916,0.003220465118439604,0.21106919333085114,0.0867976316658314,0.17857142857142858,0.5233516587942306,0.3222701428571429,1,0.0,0.7841372912801485,0.20844155844155846
271,2021-01-14,0,0.626251013350806,0.003998022839368742,0.08496575233792615,0.0030419402152931214,0.19622585206837223,0.08551739923236057,0.17857142857142858,0.5294805505645594,0.3154901528571429,4,0.0,0.777643784786642,0.21679035250463824
272,2021-01-15,0,0.6712931394577026,0.004114711387956,0.050227248791738226,0.0028564916013107395,0.18161271485379457,0.08989567145285293,0.10714285714285714,0.5666628565306643,0.31940206857142855,4,0.0,0.779313543599258,0.2169758812615956
273,2021-01-16,0,0.7081871124960128,0.004003430336611183,0.04898846439374161,0.002550064920796951,0.14135219533186277,0.09491871062068853,0.15476190476190474,0.5946176748390176,0.3185381057142857,3,0.0,0.7850649350649351,0.2130797773654917
274,2021-01-18,0,0.7273324905406862,0.0039697948595857685,0.018378000501321472,0.0024238937399959277,0.12904777898282704,0.11884801567932642,0.20238095238095236,0.6258662256434383,0.33198643000000005,3,0.0,0.7908163265306122,0.20918367346938777
275,2021-01-19,0,0.6319911667988415,0.004064588596520426,0.03451273596424249,0.0028511821756615563,0.21847897969148883,0.1081013301573832,0.20238095238095236,0.5863040640573239,0.31394185571428573,1,0.0,0.813265306122449,0.186734693877551
276,2021-01-20,0,0.656851962918327,0.004296865714422848,0.03506298018397669,0.0028163550873397314,0.19029383780330783,0.11067797552130372,0.23809523809523808,0.5639267505368306,0.30466055142857146,2,0.0,0.8306122448979593,0.16938775510204082
277,2021-01-22,0,0.6912404412315006,0.0037619504905055906,0.03258994923782574,0.002521947345008924,0.18088014844501488,0.08900553952671107,0.38095238095238093,0.5841353891239989,0.30868639714285717,2,0.14285714285714285,0.8346938775510202,0.12448979591836735
278,2021-01-24,0,0.6576922713291078,0.0039565453688347515,0.04486096356274733,0.002785483856097778,0.19246777536630227,0.0982369406819565,0.3095238095238095,0.551881454308473,0.2978557785714286,2,0.19047619047619047,0.8231292517006802,0.10884353741496598
279,2021-01-25,0,0.6280237690856059,0.00399820257942853,0.07358544067357707,0.0029741577856752066,0.18993616507006142,0.10148225546470795,0.3095238095238095,0.49846207128527265,0.28813403142857147,4,0.2261904761904762,0.7891156462585033,0.11054421768707481
280,2021-01-27,0,0.5956460165658167,0.004185225900506467,0.07635796806564374,0.003299923545758487,0.22522396061408687,0.0952868956457158,0.2619047619047619,0.4561782600779441,0.30759031428571426,1,0.2261904761904762,0.7551020408163265,0.11224489795918365
281,2021-01-28,0,0.6207486020263916,0.004271592447554479,0.08546292872559866,0.0032588286307549215,0.21045133112033548,0.07580671713240293,0.3412698412698413,0.4787903070279826,0.29043985285714286,18,0.2261904761904762,0.7108843537414966,0.12414965986394555
282,2021-01-29,0,0.7416027104877035,0.004121149717118644,0.06886774764787992,0.0026676254626455285,0.10766009505540648,0.0750806778604682,0.48412698412698413,0.534480398024861,0.2874306871428572,2,0.2261904761904762,0.6819727891156463,0.12074829931972787
283,2021-02-01,0,0.7299499875329535,0.003906920379247565,0.06947532157406265,0.0026494767047955782,0.12018990132261051,0.07382840502892603,0.48412698412698413,0.5657208817974029,0.29175370142857143,2,0.15476190476190474,0.6836734693877551,0.1173469387755102
284,2021-02-02,0,0.6711958952812409,0.004212842341889519,0.1171566149207943,0.0027496909095797994,0.12279552124306445,0.08188944768387697,0.39321789321789324,0.5521500221852074,0.3035622628571429,11,0.15476190476190474,0.6785714285714286,0.12074829931972789
285,2021-02-03,0,0.6939657977149087,0.005425064893417353,0.11515833813843915,0.0026099955501858426,0.11161955575191433,0.07122126201128726,0.39321789321789324,0.5960293583571239,0.3075651057142857,1,0.10714285714285714,0.7006802721088434,0.11054421768707481
286,2021-02-05,0,0.6668669370567357,0.0051052754302953795,0.12702255580188906,0.0024429505646121033,0.10286896871534724,0.09569331504099476,0.39321789321789324,0.6040094677025579,0.31675722285714286,2,0.07142857142857142,0.7431972789115646,0.09013605442176871
287,2021-02-06,0,0.6802269626840082,0.004402887485965843,0.12924084052922938,0.0019456893038179606,0.05611462286456106,0.12806900268281818,0.46464646464646464,0.6201484188237221,0.30694990000000005,2,0.07142857142857142,0.7857142857142857,0.06972789115646258
288,2021-02-07,0,0.7204416365265943,0.0039491943823015884,0.11820353166420954,0.0017895470872254643,0.0505098072806669,0.10510630914019178,0.4805194805194805,0.6441313572530333,0.3278764285714285,1,0.07142857142857142,0.8282312925170068,0.049319727891156455
289,2021-02-09,0,0.7044648243682822,0.004193321960470168,0.1204143605390019,0.002128079463935593,0.06298180793558678,0.10581762952406513,0.33766233766233766,0.62580346351054,0.3321829614285714,2,0.07142857142857142,0.8605442176870748,0.039115646258503396
290,2021-02-10,0,0.7414105569447887,0.004023132738415342,0.11529385467746303,0.001738169838582836,0.027604297627830916,0.1099300185957766,0.3733766233766234,0.6322797969019935,0.34035876571428564,4,0.0,0.8928571428571429,0.02891156462585034
291,2021-02-15,0,0.802417853780623,0.0035968029489075034,0.06727554431251645,0.0015583611103855075,0.024672328806315893,0.1004791318222747,0.4642857142857143,0.6564202525919038,0.3658143214285715,1,0.0,0.9285714285714287,0.015306122448979591
292,2021-02-16,0,0.6789412436607692,0.0019341339939273464,0.05874665582086886,0.0015932061786380215,0.15956852523127701,0.09921627284659602,0.4642857142857143,0.6087301533270095,0.4137715328571429,1,0.0,0.9302721088435375,0.028911564625850348
293,2021-02-17,0,0.7416543150199698,0.0020881879919014646,0.018201977716057284,0.0015482501123612418,0.1603410813791901,0.07616622969523286,0.5551948051948051,0.6375887541354379,0.39438493571428573,11,0.0,0.9217687074829933,0.04761904761904762
294,2021-02-18,0,0.7558976176206942,0.002605456349367307,0.014043154281128586,0.0016593562957660773,0.16833315183432745,0.05746129786976693,0.48376623376623373,0.6523521504086721,0.39288955714285717,2,0.0,0.9064625850340137,0.07312925170068027
295,2021-02-20,0,0.6530288830278562,0.0030247926622834357,0.04006798796026128,0.0019863351159758757,0.18603217710632006,0.11585983825097605,0.41233766233766234,0.602104784041498,0.3770791885714286,8,0.0,0.8860544217687075,0.10374149659863943
296,2021-02-22,0,0.6452453740761727,0.0026832372490358104,0.037967646858930726,0.0018557803998116916,0.19709681056730158,0.11515116052433182,0.5002497502497503,0.6218796596758172,0.38803610285714285,13,0.01098901098901099,0.792647828362114,0.20578231292517005
297,2021-02-23,0,0.6415713054549459,0.0028591009031224426,0.0399567522925555,0.002015874712968884,0.2035817056969896,0.11001525672415935,0.3931068931068931,0.5907544377421798,0.38091372714285715,1,0.01098901098901099,0.7383568812140239,0.25850340136054417
298,2021-02-24,0,0.6150909088663025,0.0032963808611786334,0.04400180920624658,0.0022042192925136937,0.21519950118915723,0.12020717880020579,0.2978687978687979,0.5538555608381578,0.3665156028571429,3,0.05860805860805861,0.7180795395081108,0.2704081632653061
299,2021-02-26,0,0.6692480834578097,0.003825398343530669,0.045228955753002106,0.0023608028563374796,0.15061257653406038,0.12872416425759634,0.2978687978687979,0.578272676053902,0.3416375057142857,2,0.05860805860805861,0.6875981161695447,0.2925170068027211
300,2021-02-27,0,0.6060304056286757,0.03596761745175566,0.04712887976281067,0.0024767366707863525,0.16890769187981877,0.13948864580879167,0.3021978021978022,0.5576668094751517,0.33595907571428574,3,0.0943223443223443,0.6554160125588696,0.3112244897959183
301,2021-02-28,0,0.6385820518612807,0.03549987545677016,0.044433497256623204,0.002588675890012088,0.1583934568888729,0.12050243052602792,0.445054945054945,0.5675012730502084,0.3277013885714286,1,0.0943223443223443,0.6130298273155416,0.3401360544217687
302,2021-03-01,0,0.7336861347922913,0.035204997774888974,0.01905969790444831,0.002352670536780747,0.14182271292832274,0.06787377520124917,0.46886446886446886,0.570367917653187,0.3395591428571429,3,0.0943223443223443,0.6114599686028257,0.3282312925170068
303,2021-03-02,0,0.7004935217222997,0.035425924646135906,0.019845964938646047,0.002375555307870424,0.13365915753612556,0.1081998655184482,0.38095238095238093,0.5403876527789093,0.33776494714285715,2,0.08333333333333333,0.6130298273155416,0.3163265306122449
304,2021-03-03,0,0.6313196349711646,0.03549947821357771,0.022058798019618995,0.0029893749049819908,0.19897701767539336,0.10915568564641509,0.38095238095238093,0.536077654326246,0.33835340142857145,3,0.13095238095238093,0.5941915227629513,0.31802721088435376
305,2021-03-06,0,0.5414412766695023,0.03576667524785509,0.02231840480817477,0.0033292996896696525,0.2743630371876948,0.12278129413746115,0.3333333333333333,0.5458917260524773,0.31772773428571427,1,0.17857142857142858,0.5225013082155939,0.35544217687074825
306,2021-03-07,0,0.5677135998294467,0.0356162740139379,0.027017562802592692,0.003372065085429838,0.24625663351755409,0.12002384330567324,0.3333333333333333,0.5328383820042724,0.3124727371428571,3,0.21428571428571425,0.5053636839351124,0.35544217687074825
307,2021-03-08,0,0.5546431019015255,0.0035980655312803883,0.028589493381635557,0.0037158709296601458,0.3069645057742795,0.10248893742737844,0.23809523809523808,0.524104001905237,0.3259236471428571,2,0.2857142857142857,0.5035321821036106,0.3299319727891156
308,2021-03-09,0,0.48182776476300904,0.0038817447876291203,0.030489331466655785,0.0037727330473162454,0.36891594480368356,0.11111245642172259,0.12380952380952381,0.4919499217133437,0.34538903000000004,5,0.2857142857142857,0.4731292517006803,0.3329931972789115
309,2021-03-11,0,0.39707281381956167,0.004254104948735619,0.034334028154123716,0.004456788777107588,0.44854038754212006,0.11134185740901596,0.028571428571428574,0.4596547953873163,0.31690942857142856,1,0.2857142857142857,0.4207482993197279,0.3564625850340136
310,2021-03-12,0,0.40479957040931497,0.004437013243191969,0.03716028855692237,0.004659923626708616,0.4623762277354087,0.08656695584012633,0.17142857142857143,0.4611776536153186,0.3388243,1,0.23809523809523808,0.40918367346938783,0.3527210884353741
311,2021-03-13,0,0.48519338014579955,0.004134072331223771,0.03302273558164455,0.0038796907010864713,0.3905178325034545,0.08325227343011643,0.24285714285714285,0.5019778332628665,0.3273269142857143,2,0.14285714285714285,0.42142857142857143,0.345578231292517
312,2021-03-15,0,0.5286836286385854,0.004392645569030332,0.0326797217607409,0.003963318053311403,0.3580120665204179,0.0722686062267582,0.24285714285714285,0.5188437549219954,0.34401536285714285,5,0.14285714285714285,0.42346938775510207,0.348639455782313
313,2021-03-16,0,0.4799716879746744,0.004399804438331256,0.028899884200654875,0.0039240129000972495,0.3913708153097624,0.0914337931300646,0.24285714285714285,0.5265303201175162,0.33806046285714286,5,0.09999999999999999,0.43265306122448977,0.3557823129251701
314,2021-03-17,1,0.49468090582550284,0.00415661648287256,0.025690265604117392,0.003549721804475146,0.33478716053124075,0.13713533528969576,0.24285714285714285,0.5233137444282572,0.3401490814285714,3,0.0642857142857143,0.44693877551020406,0.3731292517006803
315,2021-03-18,0,0.458976998756684,0.00394169621646311,0.07713360970485064,0.003541426534814318,0.318200668038307,0.1382056019546109,0.21428571428571427,0.5289884865283966,0.33994911857142857,3,0.0642857142857143,0.4707482993197279,0.380952380952381
316,2021-03-19,0,0.47576609050766344,0.003692082932130167,0.07628613968956326,0.0029924638565196893,0.2645317421670327,0.17673147974114506,0.21428571428571427,0.5399915742022651,0.3640996571428571,2,0.0642857142857143,0.5149659863945578,0.36836734693877554
317,2021-03-20,0,0.5046488239208148,0.0034746882949201383,0.07409843954568104,0.0027626626139472888,0.2404310008620433,0.17458439437517276,0.14285714285714285,0.5476419673434326,0.3521734357142857,2,0.0642857142857143,0.5387755102040817,0.36938775510204086
318,2021-03-21,0,0.43982284998166415,0.0037625366824656473,0.07892939499025006,0.0029628389739497405,0.28797889399505777,0.18654349489980154,0.10714285714285714,0.5147511234573489,0.3564774057142857,8,0.08015873015873017,0.5535147392290248,0.3636054421768708
319,2021-03-22,0,0.4747897647935771,0.0033051198598259917,0.07965661607489467,0.0028067325589921153,0.2531108271763193,0.18633094606699332,0.10714285714285714,0.473921470939923,0.34979228142857144,7,0.09603174603174604,0.5569160997732425,0.3668934240362812
320,2021-03-23,0,0.5117540739322516,0.0035024307958718974,0.07895217298676811,0.002834026626051953,0.22205920069413906,0.1808980979017972,0.10714285714285714,0.47254742868698685,0.34143146999999996,9,0.08333333333333333,0.5522675736961451,0.3739229024943311
321,2021-03-24,0,0.5404171391058705,0.004659165471318069,0.08133969252454978,0.0028444620158114575,0.2404276677396435,0.13031186649413212,0.15476190476190474,0.4718384341337841,0.3443555114285714,3,0.10476190476190476,0.5414965986394558,0.3789115646258504
322,2021-03-25,0,0.5975213483974862,0.004717604379903996,0.029770953452706615,0.0031127299863713547,0.2401767901745213,0.12470056662882954,0.16904761904761906,0.48474782097651753,0.34547825428571427,20,0.22040816326530616,0.5186750890832522,0.37942986718496924
323,2021-03-26,0,0.6610186172849889,0.004803213159157165,0.02770445756866305,0.003025567573967678,0.2160437341460912,0.0874043943566484,0.2261904761904762,0.5125463011551462,0.33894822571428573,5,0.22040816326530616,0.516261742792355,0.359540006478782
324,2021-03-27,0,0.6201453835238827,0.0053351215831961354,0.028289025133069617,0.003135881302685499,0.25476501132502155,0.08832954831619091,0.15476190476190474,0.48414034705176157,0.3233140857142857,2,0.22040816326530616,0.500242954324587,0.3532555879494655
325,2021-03-28,0,0.6193913397313752,0.005328123467378251,0.025617114733099418,0.0032053917001701585,0.24715056173544184,0.099307442882878,0.11904761904761904,0.4729300979734346,0.33802817571428573,4,0.27596371882086174,0.47175251052802075,0.3537738905085844
326,2021-03-29,0,0.6139880600814072,0.005147452123919526,0.028827105625440132,0.0032506473226165448,0.24049411066128715,0.10829260713385695,0.15476190476190474,0.4844583357390135,0.34981217571428574,4,0.2600907029478458,0.4608357628765792,0.3412536443148687
327,2021-03-30,0,0.643065541264202,0.005330150297959287,0.027406792458246555,0.003140434123148777,0.21102306716396316,0.11003399331516228,0.25,0.4888730375437687,0.3578233528571429,3,0.24421768707482996,0.4530936183997409,0.32601230968577904
328,2021-03-31,0,0.6300953906295554,0.004368857397015956,0.046908233656514656,0.003112007129710067,0.1807710125996631,0.13474449265077487,0.25952380952380955,0.49765235944562375,0.3575541357142858,5,0.21564625850340136,0.45045351473922907,0.3128117913832199
329,2021-04-01,1,0.6454140517062374,0.004546162935522601,0.05024669240478289,0.0031140294829604697,0.15929620448608015,0.137382850415417,0.28095238095238095,0.49529109180550135,0.34577267857142857,8,0.11785714285714285,0.46324101068999024,0.31467444120505345
330,2021-04-02,0,0.5559094870139901,0.004659663687153591,0.05964016725085862,0.003388907720903383,0.22410832035167577,0.152293452599995,0.24421768707482996,0.46558826819334653,0.3360121457142857,7,0.13373015873015873,0.4374797538062844,0.35281827016520895
331,2021-04-03,1,0.5458916974504602,0.004046513456661125,0.0925996943125121,0.003334916401029787,0.21472902210840325,0.13939816606774302,0.24421768707482996,0.4677321973370489,0.34216110714285713,8,0.18134920634920634,0.42078879170715905,0.3750890832523486
332,2021-04-04,0,0.5460293353298049,0.0040258258871407335,0.10375510286460596,0.0032151250113096235,0.20620013082278793,0.13677448375826876,0.29183673469387755,0.4755813578833971,0.33317968571428574,6,0.1099206349206349,0.42223841917719473,0.3973598963394882
333,2021-04-05,0,0.5196395973171675,0.004485162311304013,0.1133958862903591,0.00314192107705284,0.2278975526578914,0.13143988979559032,0.2704081632653061,0.4671918415343135,0.31576273571428576,10,0.1099206349206349,0.41064949789439587,0.4304016844833171
334,2021-04-06,0,0.48114831346079884,0.004207515755593574,0.11761610376880856,0.003243146617393111,0.2724893103928628,0.12129562266515684,0.17517006802721088,0.45712042646882006,0.3106028214285714,11,0.1209096459096459,0.3878971368767287,0.47076947995315344
335,2021-04-07,0,0.4801192685316327,0.004211562303043942,0.10203857436536704,0.003435132807197503,0.2939090896501069,0.11628638452384618,0.13101422387136671,0.4568223439678336,0.3062570471428571,11,0.10532523032523033,0.35661045303902444,0.5178163106734536
336,2021-04-08,0,0.43661139104048424,0.004086476831214013,0.11550054885917146,0.0029711468949174323,0.2906792687931937,0.15015118095713356,0.12387136672850955,0.4457365277451915,0.31442380428571426,15,0.11603951603951604,0.3224569081711938,0.5522295165152309
337,2021-04-09,0,0.4325457652774993,0.004285862453388174,0.11119191153635148,0.0030809063911952784,0.283644594658404,0.16525097047865742,0.10346320346320345,0.45137410649959225,0.3261213685714286,5,0.10016650016650017,0.31438046080903226,0.5651007722436294
338,2021-04-10,0,0.4368877281935773,0.004575733598311553,0.0814937496440912,0.0031850484255509302,0.30047307558341585,0.1733846691292932,0.10346320346320345,0.4619334096634091,0.3206356785714286,5,0.06353646353646354,0.3195605981320267,0.5767510267510267
339,2021-04-11,0,0.44981387469250284,0.004695457891229439,0.07034821521785123,0.003208269558351004,0.28230511253151347,0.18962907585248878,0.10346320346320347,0.47570188653207834,0.31906302285714283,6,0.10435279006707579,0.3198816489632816,0.5772253823274232
340,2021-04-12,0,0.44206488759254875,0.004323167748118251,0.09445087108922336,0.003060725796854304,0.25827531417316724,0.19782503299149015,0.10346320346320347,0.46889021910146456,0.3275518142857143,10,0.14006707578136152,0.3202026997945365,0.572597697087493
341,2021-04-13,0,0.44701730167554704,0.004359974487681094,0.09599239147533821,0.0029793127630696912,0.24110928700588746,0.20854173064203144,0.12132034632034631,0.48457925469405927,0.3334801371428571,16,0.1516344557697941,0.33222883751884824,0.5561823008117316
342,2021-04-14,0,0.426606756421305,0.004213378869046944,0.09724340823318231,0.002905323189077572,0.24502568431974697,0.22400544022038085,0.11785714285714285,0.4795000933340218,0.3404509757142857,15,0.16007601421135256,0.3521399474138464,0.528449650361573
343,2021-04-15,0,0.43112040384855527,0.004237782342504301,0.08717897843326387,0.003049364028369593,0.25897267548015757,0.21544078843740166,0.09948979591836735,0.4835498004571573,0.33997366571428567,14,0.1468107080889036,0.3635719513807591,0.5126217618161765
344,2021-04-16,0,0.47195849563909825,0.003933341095784666,0.11376291940643664,0.0026865003648188614,0.20356362339647305,0.20409511724026824,0.1280612244897959,0.5001206420207568,0.3432431514285715,10,0.18577174704994254,0.3624292284872306,0.501535163726356
345,2021-04-17,0,0.4658129096998544,0.0037083583165650213,0.1448318400708119,0.0025413790986237956,0.17469064768316253,0.20841486447163676,0.13486394557823128,0.502885397056634,0.34989022714285717,21,0.1857717470499425,0.34785549216268874,0.4986467166918295
346,2021-04-18,0,0.424269598634592,0.003316147279486859,0.1744499706823559,0.0023732481469258375,0.20088000648417806,0.19471103471933882,0.11105442176870747,0.4930626899112478,0.35840514999999995,12,0.17792245348636326,0.33044105911989907,0.5055511978175781
347,2021-04-19,0,0.3947938565153504,0.0032200862380668406,0.15003770399692296,0.002419371847061654,0.23667697560523918,0.21285201136873316,0.10775771847200419,0.5004514991784746,0.35325804571428565,13,0.17326406839319558,0.32256522412502425,0.5086846052964765
348,2021-04-20,0,0.4104531037501403,0.007584990430035074,0.1460879218967827,0.0034715832215881687,0.21979347646968447,0.21260893492865957,0.12391418105703818,0.506523626378634,0.3550622742857143,21,0.17927910598718053,0.31320490869830053,0.5140956849778593
349,2021-04-21,0,0.42436021215507047,0.008164778062333088,0.1532295288509253,0.0034243488296199364,0.2162584134159218,0.19456273144405606,0.1358189429618001,0.5118509163181817,0.36211661714285714,60,0.18438114680350706,0.3020158098101403,0.5218126220671404
350,2021-04-22,0,0.4320140583948819,0.008913400475107384,0.16037169082182462,0.003753685919710062,0.20714311284417747,0.18780406420289258,0.15352602579493332,0.5167887942374528,0.3620882128571429,476,0.18785053455860906,0.3033534358976847,0.514612163626781
351,2021-04-23,0,0.4263343334910383,0.00912087471006735,0.1483069207303254,0.0038731212532381256,0.22492511014459157,0.18743964739255467,0.15163273835947727,0.5102414694053095,0.35836491857142855,332,0.16870180008140742,0.3128875057916833,0.5075166575854302
352,2021-04-24,0,0.4389339536468082,0.013037109662094383,0.1316373912338884,0.004478611729493247,0.22248539582818902,0.18942754343433038,0.17805260863316813,0.5160064012370916,0.35737695,301,0.1710693512294464,0.3301432384596095,0.4923612671775749
353,2021-04-25,0,0.46468705995462584,0.014036454316170026,0.11604064639482473,0.004721923885606748,0.21074783983081272,0.1897660767932488,0.18449089823472303,0.5219428454396476,0.3555584385714286,392,0.14266158877913077,0.3525324250234733,0.4750093470004586
354,2021-04-26,0,0.5081409603865632,0.015456886774513401,0.11484239744830516,0.005346817549971474,0.18470933416204255,0.17150360178212146,0.20270667260813285,0.5322674251208147,0.35990454571428565,406,0.11448684061899717,0.38078296233881775,0.4551555565099995
355,2021-04-27,0,0.49392714866035453,0.011840465328254694,0.13075070030443994,0.004819181159510633,0.18275501122472176,0.17590749138634937,0.19119437538154993,0.5261504730055918,0.35932379999999997,273,0.08929887069418511,0.41132494254710894,0.4374678956292791
